CCID,Prcsn_ss1,K_ss1,Doubt_ss1,Prcsn_ss2,K_ss2,Doubt_ss2,Prcsn_ss3,K_ss3,Doubt_ss3,Prcsn_ss4,K_ss4,Doubt_ss4,Prcsn_PerceptionTest,K_PerceptionTest
CC110033,0.67444,1.00000,28.35710,0.48435,1.94412,32.83930,0.50479,2.74325,39.89290,0.43562,3.64781,52.41070,1.01528,1.00000
CC110037,0.50754,1.00000,31.85710,0.36773,1.76493,44.39290,0.34134,2.33347,53.71430,0.35171,1.97406,78.42860,1.14814,0.97616
CC110045,0.74163,1.00000,17.62500,0.48694,2.00000,19.35710,0.51064,2.88513,23.50000,0.37385,3.77762,33.75000,1.08186,1.00000
CC110056,0.53019,1.00000,5.73214,0.43002,1.87064,3.92857,0.44595,2.22198,26.69640,0.27764,2.57029,76.44640,0.79295,1.00000
CC110062,0.53146,1.00000,13.48210,0.36895,1.89127,15.62500,0.53574,1.50584,16.69640,0.28272,1.87390,18.89290,0.72666,1.00000
CC110069,0.79994,0.96742,8.75000,0.65263,1.95287,10.21430,0.54630,2.65084,10.57140,0.48890,3.41329,12.75000,0.82060,1.00000
CC110087,0.63028,0.99997,32.69640,0.47477,1.99999,39.28570,0.36027,2.99998,43.32140,0.51101,3.13983,66.73210,1.31549,1.00000
CC110098,1.39218,0.35789,10.26790,0.68247,0.92210,11.28570,0.22481,2.16068,11.66070,0.81808,0.96092,11.37500,0.48472,0.70509
CC110101,0.64353,1.00000,10.32140,0.39846,1.99998,19.75000,0.51038,2.77383,29.00000,0.49941,2.67918,61.75000,0.85595,1.00000
CC110126,0.70041,1.00000,19.58930,0.51984,1.80331,22.87500,0.29739,2.99993,23.64290,0.47588,3.50552,23.50000,0.72830,1.00000
CC110174,0.82617,1.00000,19.30360,0.61241,1.95604,28.16070,0.52979,2.80571,47.62500,0.40656,3.30042,55.21430,1.18311,1.00000
CC110182,0.51252,1.00000,13.46430,0.37773,1.80059,16.37500,0.40982,2.77471,16.87500,0.35026,2.88328,19.75000,0.62962,0.99999
CC110187,0.93593,0.91371,19.28570,0.37015,1.87187,19.82140,0.49450,2.59772,23.89290,0.35116,3.24567,32.23210,0.70436,0.97607
CC110319,0.66147,1.00000,14.69640,0.45497,1.91512,23.26790,0.34399,2.66588,28.67860,0.34837,3.34466,48.66070,1.05191,1.00000
CC110411,0.46274,0.99998,29.87500,0.32891,1.99999,34.73210,0.28775,2.57044,44.28570,0.37012,3.02934,42.57140,0.59759,1.00000
CC112141,0.68750,1.00000,31.42860,0.50889,2.00000,34.69640,0.58207,2.29319,44.17860,0.31215,2.99887,58.75000,0.83906,1.00000
CC120008,0.59370,0.96361,23.00000,0.47355,1.99999,30.25000,0.42383,2.80853,40.30360,0.43456,3.67262,46.69640,0.85700,1.00000
CC120049,0.76025,0.99997,32.78570,0.58718,1.96975,38.16070,0.43045,2.78947,51.48210,0.41530,3.87353,63.48210,0.95349,1.00000
CC120061,0.65949,0.97735,7.30357,0.38486,1.94168,7.51786,0.51987,2.57898,7.83929,0.39013,3.51360,8.07143,0.72023,1.00000
CC120065,0.83549,0.97763,25.26790,0.66063,1.83781,49.26790,0.31691,2.99978,56.00000,0.60601,3.08397,75.76790,1.02668,1.00000
CC120120,0.35660,1.00000,13.53570,0.53742,0.88690,14.30360,0.22165,1.46526,17.69640,0.38937,0.52975,19.44640,0.50767,0.96928
CC120123,0.88757,0.97002,19.01790,0.37316,1.93415,23.10710,0.51454,2.81450,31.96430,0.36058,3.61757,37.69640,0.71294,1.00000
CC120166,0.51494,1.00000,9.00000,0.44177,1.88470,10.32140,0.43930,2.86488,12.07140,0.35083,3.83134,14.83930,0.62040,1.00000
CC120182,0.47402,0.99997,12.33930,0.54191,1.40769,20.21430,0.30892,2.57365,18.19640,0.45703,2.67531,28.39290,0.86953,1.00000
CC120208,0.61832,1.00000,10.64290,0.71359,1.78284,17.50000,0.39410,2.93836,20.98210,0.31275,3.62825,22.41070,1.12435,1.00000
CC120218,0.51859,0.99999,4.58929,0.36292,1.94793,6.91071,0.29896,2.96744,9.28571,0.24062,3.94011,20.76790,0.61818,1.00000
CC120234,0.56970,1.00000,28.01790,0.51943,2.00000,34.21430,0.54014,2.81834,36.23210,0.37404,3.62684,54.10710,0.75175,1.00000
CC120276,0.59391,1.00000,19.55360,0.42082,1.99994,30.75000,0.44889,2.57460,39.64290,0.40252,2.92327,53.44640,0.84342,0.99989
CC120286,0.45396,1.00000,24.51790,0.39759,1.48486,31.57140,0.46441,1.36188,27.87500,0.48901,1.76820,34.16070,0.73366,1.00000
CC120309,0.52701,0.99998,18.78570,0.46127,1.82165,23.71430,0.37575,2.82294,38.96430,0.25362,3.24057,49.41070,0.75287,1.00000
CC120313,0.36789,0.88969,18.87500,0.51065,1.14339,27.64290,0.36025,2.06118,26.82140,0.27163,2.30265,38.55360,0.60945,1.00000
CC120319,0.46182,0.98041,18.21430,0.43845,1.81644,23.30360,0.37436,2.00177,31.07140,0.21692,2.73276,43.50000,0.72673,0.96661
CC120347,0.58840,1.00000,14.32140,0.50989,1.79404,17.01790,0.38154,2.50087,19.69640,0.37949,3.12860,22.80360,0.57348,1.00000
CC120376,0.92874,0.95561,17.46430,0.41507,1.87158,19.39290,0.35784,2.56319,23.23210,0.28662,3.40950,24.07140,1.24532,0.98385
CC120409,0.52904,0.97099,17.19640,0.45676,1.94568,24.28570,0.39602,2.31368,31.98210,0.48907,1.90730,45.78570,0.82791,0.98132
CC120462,0.62235,0.97345,17.00000,0.47676,1.77342,20.94640,0.28421,2.99992,25.46430,0.28374,3.33937,26.23210,0.53875,0.99999
CC120469,0.54906,0.97669,8.82143,0.48042,1.91866,10.28570,0.42056,2.73246,10.39290,0.46579,2.58948,13.66070,0.79822,1.00000
CC120470,0.89118,0.93502,17.48210,0.50137,1.93242,22.14290,0.38122,2.99992,19.16070,0.51696,3.91104,24.67860,1.05846,1.00000
CC120550,0.60129,0.99999,7.26786,0.46402,1.89025,9.66071,0.42673,2.43557,9.71429,0.36750,3.19108,10.82140,0.82024,1.00000
CC120640,0.71027,1.00000,26.80360,0.50410,1.89346,30.53570,0.43185,2.89261,36.19640,0.57410,3.32331,45.94640,0.95405,1.00000
CC120727,0.65696,0.96872,20.87500,0.55590,1.98074,27.41070,0.43772,2.66476,27.39290,0.26644,3.99998,34.51790,1.12808,1.00000
CC120764,0.49844,1.00000,3.94643,0.39975,1.95311,8.07143,0.31685,2.75040,15.44640,0.38337,2.05600,18.76790,0.77190,0.99966
CC120795,0.70997,1.00000,14.33930,0.46361,1.91317,19.03570,0.50402,2.15315,28.67860,0.51361,1.93037,31.23210,1.11319,0.92869
CC120816,0.57450,1.00000,10.96430,0.43581,1.82149,10.58930,0.43343,2.43134,11.35710,0.26907,3.55835,10.94640,0.67868,1.00000
CC120987,0.43530,1.00000,35.05360,0.43328,1.60279,39.26790,0.31740,2.11463,49.07140,0.67785,1.30384,59.69640,0.67289,1.00000
CC121106,0.75297,1.00000,22.12500,0.50678,1.57461,29.64290,0.28759,2.11091,37.07140,0.38785,2.72938,50.55360,0.78748,1.00000
CC121111,0.51112,0.96411,17.19640,0.29948,1.89453,17.53570,0.28754,2.99734,17.73210,0.38241,2.68376,17.37500,0.51914,0.99999
CC121144,0.61352,1.00000,1.28571,0.48000,1.95789,4.44643,0.45437,2.45184,5.12500,0.53744,3.01676,5.07143,0.59742,0.96986
CC121158,0.66467,1.00000,13.14290,0.42310,1.99999,15.75000,0.37335,2.77710,22.19640,0.49242,1.99246,34.82140,0.91782,0.96703
CC121194,0.62855,1.00000,5.82143,0.37845,1.74575,4.96429,0.37135,1.62071,4.76786,0.92832,0.77008,4.69643,0.62252,0.99999
CC121200,0.74137,1.00000,3.62500,0.63244,1.87087,5.12500,0.49939,2.72026,6.76786,0.42926,3.48900,8.98214,0.71288,0.94380
CC121317,0.66173,0.97642,11.17860,0.44221,1.84060,19.26790,0.43370,1.78551,24.67860,0.23814,3.99964,26.26790,0.71029,0.99999
CC121397,0.53449,0.99999,17.62500,0.39893,1.99988,28.37500,0.41201,2.36382,51.41070,0.29172,3.28807,73.17860,0.94799,1.00000
CC121411,0.79025,1.00000,4.12500,0.66797,2.00000,4.98214,0.54079,2.65912,7.19643,0.54406,2.91994,9.07143,0.86501,1.00000
CC121428,0.52294,1.00000,29.44640,0.60270,1.70974,32.51790,0.28441,2.70606,35.14290,0.32078,2.46158,45.76790,0.75681,1.00000
CC121479,0.62901,1.00000,12.44640,0.65202,1.91244,14.08930,0.52450,2.57704,14.44640,0.40272,3.30138,14.66070,0.91441,0.97761
CC121685,0.44368,1.00000,16.85710,0.68865,0.90847,21.85710,0.22061,1.90859,19.50000,0.33860,1.06651,27.78570,0.78653,0.99999
CC121795,0.64463,1.00000,5.03571,0.44374,1.83140,6.32143,0.46259,2.60382,20.05360,0.39404,3.20147,33.89290,0.76991,1.00000
CC122172,0.61885,0.99996,18.28570,0.60694,1.78522,19.41070,0.63176,2.83193,21.48210,0.60074,2.84590,21.32140,1.01719,1.00000
CC122405,0.51484,0.99216,2.10714,0.39810,1.99998,2.51786,0.47955,2.84871,3.62500,0.38060,3.73365,3.89286,1.00224,0.96280
CC122620,0.91211,0.93808,7.23214,0.56992,1.83573,8.00000,0.41325,3.00000,8.00000,0.50421,3.26079,8.12500,0.65652,1.00000
CC210023,0.52444,1.00000,8.05357,0.33548,1.90912,9.78571,0.37213,2.67933,13.21430,0.41150,2.90839,18.82140,0.94629,1.00000
CC210051,0.83324,0.97549,21.41070,0.53565,1.90497,25.44640,0.47975,2.84258,31.67860,0.41058,3.61698,30.82140,1.00416,1.00000
CC210088,0.57813,0.97052,22.21430,0.37460,1.87310,25.80360,0.44270,2.63150,26.64290,0.33964,3.44228,36.14290,0.85413,1.00000
CC210124,0.65490,1.00000,8.25000,0.44306,1.89638,5.28571,0.35865,2.48114,6.71429,0.28141,3.06167,9.55357,0.79209,1.00000
CC210148,0.58891,0.93343,8.85714,0.26076,1.86026,12.37500,0.50152,2.30715,17.85710,0.50050,2.96358,16.50000,0.57163,1.00000
CC210172,0.95403,1.00000,9.58929,0.66587,1.72862,11.94640,0.72796,2.62298,14.75000,0.56530,3.14861,21.41070,1.17618,1.00000
CC210174,0.66828,1.00000,15.48210,0.34362,1.99962,17.28570,0.48501,2.52489,17.58930,0.52994,2.53886,18.14290,0.93138,1.00000
CC210182,0.94343,0.95111,16.98210,0.56212,1.88191,27.05360,0.46134,2.78120,37.66070,0.39137,2.41651,63.64290,0.84781,1.00000
CC210250,0.59031,0.99999,11.73210,0.50982,1.79523,19.37500,0.41535,2.73563,19.64290,0.50081,2.72930,24.73210,0.75512,1.00000
CC210304,0.52621,0.99999,10.73210,0.35174,1.99999,16.25000,0.34903,2.57812,16.48210,0.33782,3.49032,25.85710,0.53399,1.00000
CC210314,0.71241,0.99999,19.35710,0.39510,1.87783,23.26790,0.42352,2.03317,23.80360,0.42996,2.94187,28.80360,0.83840,1.00000
CC210422,0.76943,1.00000,7.41071,0.43884,1.89927,9.23214,0.61065,2.39643,11.07140,0.32630,2.57268,14.66070,1.03942,0.99995
CC210519,0.60281,1.00000,6.10714,0.54661,1.87206,8.32143,0.37372,2.88209,9.28571,0.41263,2.97468,12.76790,0.81669,0.95885
CC210526,0.56995,0.96991,12.19640,0.40368,1.82954,15.14290,0.42355,2.03576,19.66070,0.54727,1.13365,27.66070,0.82444,1.00000
CC210617,0.96457,1.00000,5.08929,0.53225,1.94820,6.00000,0.42879,2.67708,10.23210,0.40305,2.96458,10.41070,0.94771,1.00000
CC210657,0.79923,1.00000,20.42860,0.58643,1.83524,25.83930,0.34871,2.44337,38.46430,0.41764,2.78832,55.42860,1.25137,1.00000
CC212153,0.63002,1.00000,4.32143,0.51586,1.83880,6.33929,0.45268,2.83914,7.08929,0.47450,3.16492,11.80360,0.76419,1.00000
CC220098,0.61268,1.00000,27.60710,0.44616,1.89565,37.62500,0.27115,2.99926,44.37500,0.50686,2.72554,52.05360,0.87005,1.00000
CC220107,0.85787,0.97597,6.39286,0.43719,1.99998,10.94640,0.45170,2.92560,16.32140,0.43611,3.16396,22.75000,0.75850,0.97574
CC220115,0.65343,0.97442,24.00000,0.55193,1.89036,28.66070,0.52534,2.46935,31.30360,0.52810,2.35031,33.83930,0.79110,1.00000
CC220132,0.67364,1.00000,26.39290,0.53180,2.00000,27.55360,0.49220,2.72842,31.73210,0.53344,2.78547,34.39290,0.83575,1.00000
CC220151,0.51751,0.75773,33.51790,0.34360,1.36809,42.92860,0.20851,2.95122,47.71430,0.22410,2.99836,51.32140,0.54605,1.00000
CC220198,1.07746,0.98761,7.87500,0.47318,1.89727,19.75000,0.46309,2.59186,23.44640,0.57012,2.50376,45.21430,0.89332,1.00000
CC220203,0.45327,0.97417,8.21429,0.30560,1.84811,9.03571,0.41108,2.04575,9.10714,0.34445,1.62112,8.87500,0.43599,1.00000
CC220223,0.57450,1.00000,10.96430,0.43581,1.82149,10.58930,0.43343,2.43134,11.35710,0.26907,3.55835,10.94640,0.67868,1.00000
CC220232,0.60946,1.00000,10.69640,0.41689,2.00000,17.94640,0.52546,2.68405,27.07140,0.27855,3.47886,39.16070,0.89254,1.00000
CC220234,0.57993,0.97126,28.96430,0.47211,1.95524,34.42860,0.40461,2.28499,46.60710,0.32100,2.54921,65.01790,0.81962,0.98117
CC220284,0.66821,1.00000,11.76790,0.52325,2.00000,17.66070,0.57300,2.78411,21.39290,0.43155,3.05453,46.51790,1.32147,1.00000
CC220323,0.59838,1.00000,17.94640,0.59716,1.90792,22.41070,0.48227,2.46918,33.21430,0.40297,2.36046,49.44640,0.88907,1.00000
CC220335,0.56292,1.00000,23.69640,0.47883,1.81076,28.66070,0.38564,2.68478,33.83930,0.40458,3.04606,46.37500,0.68712,1.00000
CC220352,0.81417,1.00000,14.53570,0.42823,1.91688,18.00000,0.44005,3.00000,19.51790,0.42542,3.43615,26.39290,0.99476,1.00000
CC220372,0.27870,0.85239,18.87500,0.34974,1.45304,23.75000,0.21693,2.48032,40.51790,0.32205,1.67258,63.87500,0.49356,1.00000
CC220394,0.50731,0.99957,15.50000,0.52771,1.88909,22.33930,0.31148,2.81202,29.50000,0.36230,3.34540,37.23210,0.80395,1.00000
CC220419,0.69789,1.00000,6.82143,0.57829,1.92994,10.10710,0.47027,2.75631,14.91070,0.40478,3.58419,23.42860,1.03407,1.00000
CC220506,0.73435,1.00000,6.55357,0.65687,1.90324,10.00000,0.46085,2.74266,17.76790,0.40395,3.38885,24.66070,1.41710,0.95844
CC220518,0.55717,0.99999,11.92860,0.35166,1.92729,16.57140,0.45065,2.07886,28.67860,0.32184,1.66102,48.78570,0.83053,1.00000
CC220519,0.60789,1.00000,19.07140,0.55554,1.66039,27.92860,0.33875,2.93103,31.80360,0.33567,3.28746,40.46430,0.93936,1.00000
CC220526,0.61084,1.00000,21.66070,0.50602,1.89908,23.55360,0.35982,2.93156,27.03570,0.36520,2.90426,25.41070,0.77136,1.00000
CC220535,0.84277,1.00000,2.05357,0.56371,1.73005,2.00000,0.40040,3.00000,2.07143,0.36396,2.99290,1.98214,0.56480,0.97142
CC220567,0.65911,0.99751,31.64290,0.60840,1.90274,35.50000,0.50529,2.73875,34.44640,0.64722,2.89974,36.82140,1.13384,1.00000
CC220610,0.84863,1.00000,2.75000,0.66689,1.95501,4.55357,0.59270,2.91364,6.98214,0.48769,3.88996,10.55360,0.91966,1.00000
CC220635,0.87856,1.00000,15.69640,0.72486,2.00000,17.28570,0.48070,2.99999,22.55360,0.40514,3.50531,23.48210,1.04607,1.00000
CC220713,0.66890,1.00000,2.00000,0.67778,1.79217,2.07143,0.38115,2.60369,4.76786,0.31964,3.12781,1.92857,1.05374,0.97895
CC220806,0.72900,1.00000,5.07143,0.57843,1.85948,5.23214,0.41029,1.96824,5.01786,0.33201,1.89045,4.44643,0.96243,1.00000
CC220828,0.80003,1.00000,19.73210,0.57875,2.00000,27.00000,0.36154,2.99999,29.87500,0.45993,2.70005,42.16070,1.36816,1.00000
CC220843,0.52028,0.97914,28.98210,0.31309,1.87379,32.51790,0.41143,2.71041,39.35710,0.43981,2.83077,38.16070,0.96858,1.00000
CC220901,0.55789,0.97089,3.98214,0.46176,1.86539,4.05357,0.44422,2.43376,4.42857,0.28732,3.36965,5.50000,0.71176,1.00000
CC220920,0.95665,0.97625,19.41070,0.51956,1.90923,20.35710,0.38264,2.77768,21.85710,0.37848,2.78739,28.25000,0.93527,1.00000
CC220974,0.21607,0.99194,10.21430,0.22748,1.72455,8.69643,0.24806,2.00397,10.69640,0.20881,3.43389,12.05360,0.55796,0.97786
CC220999,0.57720,1.00000,45.76790,0.38415,1.83225,60.44640,0.23437,2.78671,71.82140,0.45375,1.97273,79.98210,1.09167,1.00000
CC221002,0.66261,1.00000,19.94640,0.47021,2.00000,28.33930,0.38380,2.64020,44.10710,0.80605,1.56332,103.67900,0.83590,1.00000
CC221031,0.56429,0.99996,10.23210,0.35020,1.77414,12.75000,0.39082,2.33267,11.48210,0.30911,2.65405,14.23210,0.96128,1.00000
CC221033,0.86785,1.00000,19.30360,0.71556,2.00000,27.96430,0.54200,2.79149,36.17860,0.56600,3.28701,55.58930,1.15283,1.00000
CC221038,0.54263,1.00000,16.60710,0.48074,1.66208,29.76790,0.46254,2.74395,36.41070,0.37185,3.42076,47.78570,0.81463,1.00000
CC221040,0.58340,1.00000,11.62500,0.39523,1.73033,17.42860,0.36656,2.51947,24.55360,0.69739,1.76148,37.96430,0.85797,0.94441
CC221054,0.61431,1.00000,2.58929,0.27645,1.90601,2.60714,0.36615,2.00388,2.55357,0.33055,2.56507,3.32143,0.65638,1.00000
CC221107,0.61951,0.99999,29.01790,0.42745,1.95793,37.33930,0.38951,2.65104,50.60710,0.35319,3.79928,49.07140,0.64964,1.00000
CC221209,0.91172,0.93905,3.46429,0.65428,1.72130,3.83929,0.27577,2.80248,4.07143,0.36883,2.71973,4.44643,1.20898,0.97882
CC221220,0.85506,1.00000,13.69640,0.36229,1.86179,18.12500,0.42926,2.92309,18.96430,0.28975,3.71034,25.00000,1.17596,0.95585
CC221244,0.80115,0.99999,11.01790,0.52816,1.93164,13.25000,0.45411,2.91182,14.07140,0.47343,3.38507,19.12500,0.75519,1.00000
CC221324,0.94364,1.00000,8.17857,0.56032,1.88451,15.30360,0.36896,2.99982,23.82140,0.43041,3.54560,34.25000,0.80908,1.00000
CC221336,0.67787,0.99999,17.19640,0.51064,2.00000,26.30360,0.43215,2.88491,37.55360,0.34795,3.95958,41.80360,1.13279,1.00000
CC221352,0.72281,0.89665,7.62500,0.42838,1.99997,7.69643,0.32032,2.85159,8.44643,0.33498,2.89024,8.96429,1.04282,1.00000
CC221373,0.65717,1.00000,15.48210,0.53184,1.85949,26.67860,0.45129,2.57602,42.37500,0.53142,1.75527,73.66070,1.56630,0.89777
CC221487,0.57027,1.00000,9.41071,0.47323,1.99999,9.91071,0.35913,2.99905,11.07140,0.36375,3.99999,13.35710,0.77071,1.00000
CC221511,0.61641,1.00000,1.89286,0.49919,1.88572,2.42857,0.43149,2.39804,2.55357,0.54297,2.04887,6.60714,0.79965,1.00000
CC221527,0.50557,0.99999,7.51786,0.38300,1.87232,8.62500,0.41746,2.63829,9.12500,0.22455,3.45770,8.87500,0.78662,1.00000
CC221565,0.82444,0.97028,6.57143,0.54191,1.85729,10.41070,0.40245,2.71705,11.62500,0.52824,2.98593,15.05360,1.13978,0.95759
CC221580,0.72096,1.00000,10.96430,0.52879,1.96668,11.33930,0.47120,2.88516,11.51790,0.40109,3.53836,12.91070,1.06943,1.00000
CC221585,0.44708,1.00000,6.64286,0.41002,1.82568,7.32143,0.28336,2.52340,7.05357,0.27602,3.08663,7.60714,0.94596,1.00000
CC221595,0.67660,0.97333,7.10714,0.44710,1.96196,8.76786,0.29196,2.74970,7.03571,0.38711,2.72943,15.64290,0.79936,1.00000
CC221648,0.64176,1.00000,11.30360,0.51372,2.00000,10.80360,0.52408,2.65655,11.37500,0.33246,3.72164,13.16070,1.12378,1.00000
CC221740,0.54809,0.98424,15.50000,0.36651,1.99992,20.05360,0.37240,2.26417,24.19640,0.37667,2.47766,24.67860,0.86031,1.00000
CC221755,0.65092,0.98500,1.80357,0.47634,1.95062,1.71429,0.46937,2.58939,1.85714,0.53384,2.51697,1.83929,0.77991,0.97815
CC221775,0.60141,0.97218,21.64290,0.53794,1.95393,25.58930,0.48367,2.75910,29.26790,0.43642,3.17545,60.33930,0.66761,0.99999
CC221828,0.58116,1.00000,3.17857,0.48470,1.53582,3.48214,0.43304,1.96612,2.73214,0.32811,1.84299,3.83929,0.99444,1.00000
CC221886,0.68948,1.00000,20.85710,0.51625,1.80282,22.76790,0.46765,2.64156,23.41070,0.29818,3.60773,24.30360,1.08418,1.00000
CC221935,0.39021,1.00000,35.00000,0.44662,1.79362,42.30360,0.36985,2.58744,49.14290,0.44726,2.84803,75.50000,0.98415,1.00000
CC221954,0.75664,1.00000,11.46430,0.54310,1.44997,15.17860,0.52643,1.83835,15.91070,0.66150,1.82847,18.60710,0.75933,1.00000
CC221977,0.53678,1.00000,32.94640,0.42164,1.83545,36.32140,0.46387,2.56184,38.94640,0.23278,3.71702,41.78570,0.70837,1.00000
CC221980,1.06628,1.00000,30.51790,0.53517,1.99965,43.83930,0.47783,3.00000,51.57140,0.41972,3.31766,73.51790,1.09050,1.00000
CC222120,0.52519,1.00000,2.46429,0.39883,1.84473,3.41071,0.28872,2.61520,3.55357,0.32815,2.45195,4.07143,0.78948,1.00000
CC222125,0.49706,0.92742,31.55360,0.46182,1.56237,34.73210,0.57807,2.27174,43.46430,0.32121,2.96540,50.80360,0.62662,1.00000
CC222185,0.81748,0.91929,8.66071,0.48102,1.92256,9.21429,0.44547,2.16876,27.69640,0.24702,3.99289,54.32140,0.82035,0.99991
CC222258,0.72366,1.00000,2.07143,0.46317,1.81174,3.78571,0.36417,2.99996,7.26786,0.42832,3.24895,12.51790,0.95314,1.00000
CC222264,0.82856,1.00000,14.37500,0.47748,1.95820,22.71430,0.38077,2.83477,29.21430,0.43832,3.45827,34.05360,1.36200,1.00000
CC222304,0.55013,1.00000,21.08930,0.49325,1.84197,34.14290,0.34859,2.99998,42.76790,0.51593,2.72388,61.83930,0.83361,0.99999
CC222326,0.63765,0.91286,7.19643,0.39226,1.67994,7.60714,0.61875,1.94637,7.25000,0.37634,2.15135,8.03571,0.74921,1.00000
CC222367,0.87358,1.00000,18.91070,0.55445,1.90967,25.78570,0.52766,2.87298,32.32140,0.43901,3.31279,57.94640,1.44243,1.00000
CC222555,0.48660,0.99996,14.10710,0.45844,1.80998,15.12500,0.31299,2.64227,13.71430,0.45310,2.97858,16.78570,0.75332,1.00000
CC222652,0.60429,1.00000,5.05357,0.42578,1.80359,6.32143,0.48007,2.39654,6.35714,0.54100,3.11169,7.35714,0.79495,0.98022
CC222797,0.73839,1.00000,5.57143,0.57428,1.95783,8.85714,0.45082,3.00000,10.89290,0.47970,3.82591,12.03570,1.02487,1.00000
CC222956,0.48069,0.98920,22.66070,0.36848,1.90554,25.14290,0.24640,2.70300,26.17860,0.36426,2.86903,27.98210,0.72860,0.99998
CC223085,0.64757,1.00000,12.48210,0.50159,1.86900,13.39290,0.33978,2.99999,19.33930,0.38701,2.38226,27.00000,0.93847,1.00000
CC223115,0.63523,0.99999,28.00000,0.53219,1.75365,35.92860,0.45090,2.56422,33.80360,0.24525,3.67972,50.07140,0.72804,1.00000
CC223286,0.64292,1.00000,5.98214,0.53243,1.96086,14.50000,0.35350,2.99948,21.39290,0.28763,3.58519,40.32140,1.02542,1.00000
CC310008,0.65588,1.00000,8.21429,0.37554,1.75577,10.21430,0.72161,1.04255,11.26790,0.51441,1.45600,16.26790,0.67087,1.00000
CC310051,0.61099,1.00000,2.73214,0.41089,1.84925,2.96429,0.30785,2.46733,2.69643,0.36158,2.88579,2.96429,0.49492,1.00000
CC310052,0.64773,1.00000,6.57143,0.42608,1.99565,7.39286,0.36391,2.61296,12.19640,0.41880,2.15392,20.17860,0.78397,1.00000
CC310086,0.73286,1.00000,2.78571,0.58294,2.00000,3.42857,0.51965,2.85960,4.16071,0.43584,2.90132,4.25000,1.05997,1.00000
CC310127,0.44008,1.00000,5.21429,0.37993,2.00000,5.71429,0.31000,2.83658,5.82143,0.31164,2.52231,5.98214,0.64666,1.00000
CC310129,0.40907,0.99999,16.91070,0.37691,1.39155,24.67860,0.30441,1.36365,36.76790,0.22509,1.89190,45.21430,0.62299,1.00000
CC310135,0.91512,1.00000,9.16071,0.58884,1.86727,20.42860,0.46835,2.70746,40.00000,0.29784,3.34395,68.92860,1.19413,1.00000
CC310142,0.59568,0.97311,3.00000,0.51466,1.86571,3.89286,0.33235,2.57445,3.94643,0.44028,3.01210,4.78571,0.80078,0.97899
CC310160,0.58383,0.99281,12.30360,0.49495,1.92343,11.55360,0.30018,2.55273,19.94640,0.48580,2.48751,23.71430,1.04434,0.95427
CC310203,0.80214,0.97525,7.64286,0.41798,1.99999,8.62500,0.37057,2.13769,9.62500,0.33988,2.80316,11.00000,0.95781,1.00000
CC310214,0.56756,0.99999,9.12500,0.28357,1.78313,12.44640,0.45586,1.89537,25.33930,0.37168,1.97989,46.58930,1.06468,1.00000
CC310224,0.55974,0.99999,12.05360,0.44720,1.85565,17.92860,0.39579,2.76605,26.35710,0.51002,1.79911,51.05360,0.91349,1.00000
CC310252,0.83491,0.94330,18.50000,0.56883,1.55774,24.25000,0.26231,2.68390,30.30360,0.27618,2.39462,39.82140,0.91094,1.00000
CC310256,0.59676,0.91172,17.14290,0.43984,1.90805,16.12500,0.43110,2.36983,17.55360,0.40607,2.76035,18.64290,0.77650,1.00000
CC310331,0.75648,0.98000,24.75000,0.41300,1.73348,39.69640,0.30019,2.99998,45.89290,0.52129,2.80269,64.87500,0.82152,1.00000
CC310361,0.60844,0.99999,15.05360,0.39098,1.81606,19.14290,0.43872,2.76619,23.82140,0.53392,3.20674,27.53570,0.88139,1.00000
CC310385,0.62985,1.00000,9.25000,0.42066,1.95010,9.87500,0.56974,2.28239,10.33930,0.64765,1.83790,18.94640,0.87813,1.00000
CC310391,0.45616,1.00000,5.82143,0.29509,1.99999,9.60714,0.38194,1.95283,10.03570,0.32283,1.98550,13.66070,0.62180,1.00000
CC310397,0.61445,0.96545,7.83929,0.49812,2.00000,10.44640,0.42736,2.05136,12.41070,0.32235,2.70231,23.50000,0.55359,0.99997
CC310400,0.52886,1.00000,16.46430,0.64891,1.84928,25.42860,0.49495,2.26995,34.98210,0.30495,2.95935,59.17860,0.87131,1.00000
CC310402,0.57659,1.00000,4.94643,0.52200,1.90850,5.48214,0.36143,2.99998,5.33929,0.49196,3.03282,6.51786,1.05526,1.00000
CC310407,0.60337,1.00000,3.01786,0.70617,1.85737,4.03571,0.43771,2.99998,6.12500,0.54222,3.48060,7.87500,0.71825,1.00000
CC310410,0.80038,1.00000,16.92860,0.53471,1.89867,21.98210,0.62027,2.55386,24.89290,0.57176,3.26174,40.78570,0.91494,0.97987
CC310414,0.77258,1.00000,22.55360,0.56700,2.00000,24.08930,0.45657,2.78068,28.42860,0.29935,3.97948,32.83930,1.09617,1.00000
CC310450,0.76291,1.00000,29.78570,0.52070,1.84246,38.42860,0.39312,2.69170,42.46430,0.41630,2.45638,67.62500,1.41750,1.00000
CC310463,0.57463,0.94977,16.21430,0.51978,1.93825,20.80360,0.50677,2.02485,24.41070,0.47557,2.22887,28.87500,0.72178,0.99999
CC310473,0.48385,1.00000,5.73214,0.53166,1.80775,12.48210,0.50554,1.89922,13.19640,0.32335,2.09348,51.62500,0.66128,0.99998
CC312058,0.61406,0.97881,7.46429,0.45706,1.99998,8.66071,0.52828,2.92192,9.96429,0.47397,2.82772,15.28570,1.13686,1.00000
CC312222,0.46823,0.99993,10.17860,0.35282,1.99986,11.92860,0.61032,2.03154,16.64290,0.41157,2.25947,22.71430,0.85015,1.00000
CC320002,0.52334,1.00000,15.80360,0.37706,1.83370,18.60710,0.41641,1.80998,22.48210,0.20513,3.85965,39.08930,0.71811,0.99995
CC320022,0.40879,0.99971,7.83929,0.31891,1.79206,17.26790,0.22163,2.46553,36.37500,0.40928,2.11903,57.32140,0.72506,1.00000
CC320059,0.64405,1.00000,15.96430,0.59527,1.87500,21.32140,0.31637,2.72109,25.26790,0.47691,2.41802,30.87500,1.04600,1.00000
CC320089,0.56085,1.00000,20.46430,0.47565,1.69137,27.08930,0.37429,2.52684,31.98210,0.24272,3.50148,39.00000,0.90930,1.00000
CC320107,0.54980,0.99999,2.91071,0.62073,1.18952,6.25000,0.44654,2.29614,15.53570,0.33559,1.98497,30.00000,0.80704,0.97934
CC320109,0.66943,0.97327,14.69640,0.54128,1.76293,20.32140,0.42855,2.42360,22.98210,0.41511,3.01277,46.07140,0.89584,1.00000
CC320160,0.87907,1.00000,5.33929,0.45470,1.95218,5.39286,0.46381,2.55158,18.83930,0.44473,3.18313,39.14290,1.07856,1.00000
CC320199,0.52374,0.96377,6.14286,0.41891,1.79477,18.92860,0.31813,2.42620,32.53570,0.40111,1.86939,47.28570,1.24537,1.00000
CC320202,0.59522,0.89388,11.12500,0.63081,1.77787,12.91070,0.55795,2.52478,12.91070,0.31781,2.91436,14.60710,0.93294,1.00000
CC320206,0.56691,0.98348,16.80360,0.42134,1.88788,26.50000,0.34637,2.56862,29.01790,0.57791,1.90614,50.10710,0.87558,1.00000
CC320218,0.68843,1.00000,3.10714,0.41873,1.83070,4.32143,0.24477,2.41034,4.94643,0.30087,1.89307,13.26790,1.11568,1.00000
CC320267,0.42525,1.00000,30.01790,0.34254,1.91498,33.01790,0.24713,2.70512,36.78570,0.27970,3.07397,39.41070,0.99875,0.97763
CC320269,0.66802,0.99939,4.37500,0.43488,1.85253,5.03571,0.35648,2.82230,5.08929,0.30901,3.14650,6.05357,0.66802,1.00000
CC320297,0.63906,1.00000,14.23210,0.74745,1.88852,19.75000,0.35995,2.66837,27.89290,0.73659,2.97180,46.51790,1.14281,0.97904
CC320321,0.63595,1.00000,4.94643,0.49508,1.85539,5.55357,0.48839,2.44454,5.05357,0.35963,2.83214,5.01786,0.74349,0.99993
CC320325,0.59249,0.97940,40.21430,0.38630,1.95095,53.12500,0.31273,2.72009,61.35710,0.33254,3.37478,66.35710,1.01426,0.98115
CC320336,0.66943,0.93827,3.35714,0.45091,1.82602,3.05357,0.45129,2.34161,2.80357,0.26706,2.82862,3.07143,0.86005,0.95749
CC320342,0.53497,0.97148,8.48214,0.26794,1.92512,11.26790,0.48449,1.33493,15.30360,0.19825,2.72666,11.80360,0.77187,1.00000
CC320359,0.72016,0.95064,12.82140,0.35295,1.87641,20.87500,0.30746,2.99998,27.30360,0.36428,3.15372,52.01790,1.01925,1.00000
CC320379,0.55879,1.00000,26.35710,0.42642,1.78956,36.58930,0.37305,2.75839,46.83930,0.47666,2.03780,65.10710,1.13571,1.00000
CC320417,0.43779,0.99985,22.21430,0.40756,1.84923,34.23210,0.39290,2.34692,46.35710,0.44355,1.73862,76.12500,0.92739,0.99999
CC320428,0.54663,1.00000,4.21429,0.44632,2.00000,4.53571,0.40154,2.63434,5.16071,0.42187,3.40399,5.33929,0.71388,1.00000
CC320429,0.41435,0.99992,1.50000,0.40205,1.48571,1.64286,0.26991,2.99989,1.67857,0.29749,2.64000,1.51786,0.77797,1.00000
CC320445,0.73109,0.97584,4.98214,0.46456,1.99998,8.42857,0.44302,2.27402,13.41070,0.36765,2.82271,19.94640,0.70726,1.00000
CC320448,0.57212,0.95096,7.91071,0.44031,1.58263,10.28570,0.41252,2.03064,17.00000,0.36566,2.65906,27.55360,1.07026,0.97848
CC320461,0.61885,1.00000,5.58929,0.57424,1.75836,6.69643,0.30218,2.27962,6.75000,0.88079,1.86051,7.51786,0.94661,1.00000
CC320478,0.89289,0.89653,12.94640,0.53264,1.87956,17.89290,0.37938,2.52963,21.19640,0.30469,2.00523,21.03570,0.98121,1.00000
CC320500,0.57111,1.00000,17.00000,0.35793,1.99610,23.78570,0.33067,2.99996,30.57140,0.31958,3.07453,48.05360,1.26165,0.97799
CC320553,0.69056,0.94440,6.30357,0.32009,1.88101,11.01790,0.29063,2.12515,11.50000,0.31633,2.47297,20.26790,0.88035,1.00000
CC320568,0.68425,1.00000,5.57143,0.43896,1.90473,6.37500,0.41041,2.65524,10.50000,0.30515,3.34193,10.64290,1.05950,0.95731
CC320574,0.53877,1.00000,9.73214,0.52061,1.99996,12.35710,0.56580,2.69720,13.23210,0.35035,3.39958,19.19640,1.09533,0.98993
CC320575,0.73318,1.00000,1.44643,0.42354,1.74636,1.35714,0.37503,2.19540,1.42857,0.36339,2.61455,1.39286,1.20605,0.97902
CC320576,0.58328,1.00000,22.35710,0.36623,1.69368,33.17860,0.38192,2.44438,34.60710,0.43655,3.53643,41.62500,0.67838,1.00000
CC320608,0.55030,1.00000,3.30357,0.38627,1.90427,7.25000,0.38014,2.63477,8.71429,0.34564,3.71659,17.01790,0.70159,1.00000
CC320616,0.64787,1.00000,42.58930,0.53498,2.00000,51.51790,0.40493,2.99994,53.01790,0.48622,3.23339,68.16070,1.01740,1.00000
CC320621,0.64691,1.00000,1.05357,0.42781,1.94567,1.28571,0.28777,2.74364,3.67857,0.25206,2.58779,13.30360,0.83988,0.97519
CC320636,0.53512,1.00000,2.42857,0.31259,1.70237,2.53571,0.23692,2.38797,2.69643,0.23883,2.40925,2.21429,0.53805,0.97249
CC320651,0.61401,1.00000,2.26786,0.43086,1.66433,2.76786,0.35073,2.77934,2.37500,0.40825,2.98031,2.48214,0.89347,1.00000
CC320661,0.52482,1.00000,2.01786,0.50366,2.00000,1.87500,0.34152,2.49334,2.12500,0.40297,2.26142,1.87500,1.07242,1.00000
CC320680,0.62701,1.00000,4.30357,0.40667,1.94847,5.92857,0.35550,2.73357,10.71430,0.35140,3.08766,9.16071,0.70247,1.00000
CC320686,0.52323,0.99998,3.80357,0.38648,1.66152,4.66071,0.41662,1.94398,6.03571,0.72081,1.34377,7.08929,0.92683,0.99998
CC320687,0.62316,1.00000,10.03570,0.43832,1.90181,13.51790,0.35958,2.80820,15.67860,0.37623,3.53801,19.78570,0.87318,1.00000
CC320698,0.48420,1.00000,16.60710,0.37880,1.76998,31.46430,0.38688,2.66955,30.76790,0.55477,1.69512,75.10710,0.59003,1.00000
CC320759,0.50435,0.92409,1.64286,0.40464,1.72510,3.08929,0.47086,2.05032,21.87500,0.32935,2.60522,34.57140,0.71920,0.97503
CC320776,0.78178,0.95381,18.44640,0.40891,1.94901,22.76790,0.42957,2.04943,27.12500,0.57575,1.93110,32.62500,0.91385,1.00000
CC320814,0.68729,0.99999,4.89286,0.54487,1.79906,7.05357,0.26669,2.99975,11.53570,0.39722,2.61816,26.53570,0.63486,1.00000
CC320850,0.87607,0.91459,2.19643,0.48666,1.75792,4.80357,0.48659,2.25234,8.66071,0.26983,3.37499,13.23210,1.01623,0.98414
CC320861,0.50351,0.99999,21.46430,0.34303,1.96430,33.19640,0.44534,2.28161,57.03570,0.37860,1.90727,80.92860,0.69708,0.99999
CC320870,0.68337,1.00000,30.30360,0.50319,1.80911,33.44640,0.29708,2.99998,35.30360,0.54793,3.17794,40.39290,1.09581,1.00000
CC320888,0.65797,0.97896,2.25000,0.42872,1.86338,3.50000,0.30768,2.67412,4.53571,0.24105,2.48988,8.85714,0.85357,1.00000
CC320893,0.63153,0.99979,5.44643,0.46318,1.87294,5.82143,0.33064,2.97063,6.53571,0.38703,3.27745,6.25000,0.98096,1.00000
CC320904,0.56495,0.85952,5.00000,0.42388,1.21556,7.41071,0.25837,2.48857,8.89286,0.46559,1.50927,11.32140,0.72757,1.00000
CC321000,0.60715,1.00000,22.16070,0.37344,1.89365,27.94640,0.37927,2.48574,32.30360,0.24333,3.12056,45.16070,0.65837,1.00000
CC321025,0.60534,1.00000,17.25000,0.61462,1.86842,25.03570,0.41441,2.93990,28.53570,0.32886,3.88234,37.10710,1.24296,1.00000
CC321053,0.63563,1.00000,16.39290,0.47484,1.90751,20.44640,0.34562,2.90093,28.01790,0.35359,3.05463,48.80360,0.97532,1.00000
CC321069,0.54827,1.00000,17.92860,0.40783,1.77669,26.75000,0.35639,2.04614,23.73210,0.27233,3.73578,27.14290,0.72666,0.95770
CC321073,0.56182,1.00000,17.92860,0.31972,1.95026,19.55360,0.43958,3.00000,22.82140,0.43345,2.88157,29.89290,0.76977,1.00000
CC321087,0.78118,0.93506,5.51786,0.44813,1.88537,6.05357,0.29195,2.64870,5.55357,0.22674,3.25155,5.69643,0.71479,1.00000
CC321107,0.49525,0.99999,4.66071,0.43365,1.83368,6.16071,0.29848,2.95291,6.35714,0.30337,2.64615,7.76786,1.19298,1.00000
CC321137,0.57797,0.99999,16.89290,0.63953,1.54046,21.19640,0.34334,2.51618,33.39290,0.40662,2.08087,39.78570,0.90180,1.00000
CC321154,0.70550,1.00000,24.42860,0.53808,1.91596,29.75000,0.37342,2.99998,33.00000,0.42021,2.98392,38.75000,1.05615,0.97557
CC321174,0.59233,0.99995,21.83930,0.41816,1.99999,25.57140,0.38248,2.88845,27.55360,0.43010,2.92691,34.73210,1.03778,1.00000
CC321203,0.54134,0.97487,19.73210,0.42973,1.57361,36.42860,0.47970,1.93766,43.89290,0.55218,0.94470,54.75000,0.57814,1.00000
CC321281,0.60196,1.00000,1.39286,0.55847,1.61893,1.42857,0.31456,2.72730,1.37500,0.26782,3.11553,1.51786,0.93715,0.99998
CC321291,0.85884,1.00000,3.50000,0.53549,1.95955,3.80357,0.51144,2.60386,4.25000,0.31637,2.91347,4.69643,1.02318,1.00000
CC321331,0.69647,0.97052,24.94640,0.42602,1.70069,36.26790,0.26439,2.99944,46.75000,0.39260,3.73771,47.39290,0.78858,1.00000
CC321368,0.50429,0.99999,13.78570,0.40556,1.75406,14.64290,0.38418,2.19023,16.42860,0.33978,2.54888,15.98210,0.99282,0.99999
CC321428,0.63608,1.00000,3.85714,0.68623,1.62323,8.21429,0.43402,2.82950,5.64286,0.44785,3.20804,9.51786,0.79305,0.97901
CC321431,0.54582,0.95263,21.82140,0.39652,1.61065,23.53570,0.29440,1.75801,23.75000,0.36170,2.04912,34.85710,0.99411,1.00000
CC321464,0.64286,0.97302,12.03570,0.33714,1.81575,23.41070,0.24937,2.25206,33.33930,0.91356,0.94072,42.35710,1.06438,0.97203
CC321504,0.42570,1.00000,5.76786,0.58685,1.70327,7.05357,0.57441,2.31984,7.96429,0.79676,1.70997,8.83929,0.72683,1.00000
CC321506,0.62191,1.00000,11.62500,0.30654,1.77692,13.28570,0.24926,2.99693,15.30360,0.23811,2.56767,15.75000,0.96690,1.00000
CC321529,0.36016,0.99990,8.19643,0.32065,1.80351,12.23210,0.32458,2.76154,15.83930,0.41204,2.45349,21.87500,0.64346,1.00000
CC321544,0.59705,1.00000,4.42857,0.55580,1.76156,5.23214,0.49869,1.99721,4.92857,0.48495,2.62785,5.26786,0.92230,1.00000
CC321557,0.64660,1.00000,2.19643,0.39381,1.93828,2.39286,0.43897,2.51405,2.32143,0.63343,2.35273,2.12500,0.76734,1.00000
CC321585,0.74935,0.95200,14.89290,0.42489,1.91996,18.53570,0.32841,2.45724,22.89290,0.46877,2.10478,32.25000,0.70615,0.97378
CC321594,0.77921,0.95929,31.05360,0.43219,1.82455,41.17860,0.44611,2.40825,50.50000,0.39179,2.39164,60.60710,0.93973,1.00000
CC321595,0.45386,1.00000,3.69643,0.40256,1.60744,3.21429,0.36407,2.76382,3.23214,0.31518,2.50860,3.12500,0.73190,1.00000
CC321880,0.68288,1.00000,1.64286,0.44437,2.00000,4.89286,0.41479,2.02833,23.98210,0.24456,3.73861,39.80360,0.72929,1.00000
CC321899,0.80640,1.00000,2.75000,0.47931,1.79649,9.41071,0.57484,2.76506,16.75000,0.39600,2.82142,40.05360,0.89871,0.98079
CC321976,0.63370,0.97127,20.69640,0.51873,1.89571,18.87500,0.69216,1.74911,37.42860,0.35406,2.39499,77.05360,1.01329,1.00000
CC322186,0.77668,0.91632,10.37500,0.30636,1.99998,18.53570,0.42179,2.64559,22.51790,0.32588,2.32138,46.62500,0.99476,1.00000
CC410032,0.58098,1.00000,5.51786,0.55598,1.81388,14.07140,0.25777,2.99957,14.53570,0.38864,3.02657,24.46430,0.70057,0.98559
CC410040,0.58462,0.97126,5.60714,0.41005,1.89700,6.07143,0.34913,2.77335,8.87500,0.30508,3.10707,33.00000,0.69666,0.97751
CC410084,0.66907,1.00000,9.10714,0.37589,1.91308,21.25000,0.27541,2.53819,37.87500,0.38897,1.94954,79.01790,0.70093,1.00000
CC410086,0.74213,0.94628,6.33929,0.42953,2.00000,11.82140,0.35117,2.74226,17.78570,0.29542,2.55860,28.10710,0.78477,1.00000
CC410091,0.89691,1.00000,8.76786,0.38583,2.00000,12.01790,0.48343,2.68337,25.05360,0.43793,2.69660,38.50000,1.48629,1.00000
CC410094,0.67494,0.96754,10.60710,0.43724,1.66556,13.89290,0.40677,2.29887,23.73210,0.48744,2.19958,35.10710,1.16039,1.00000
CC410097,0.75228,0.97339,2.62500,0.60169,1.91825,2.87500,0.56000,2.37643,3.80357,0.23627,3.54573,3.17857,0.98390,1.00000
CC410101,0.59570,1.00000,37.51790,0.46022,1.77637,69.76790,0.45280,1.73308,93.41070,0.51468,1.42045,125.10700,0.78982,1.00000
CC410113,0.56856,0.97490,6.42857,0.48688,1.64016,9.58929,0.33533,2.11492,23.03570,0.43259,2.06048,39.73210,0.82858,1.00000
CC410119,0.54336,1.00000,3.83929,0.46430,1.44244,3.25000,0.40431,1.48320,16.30360,0.29709,2.34740,16.51790,0.67559,0.97216
CC410121,0.66861,1.00000,11.05360,0.47256,1.99999,12.05360,0.40445,2.66425,12.58930,0.39651,3.29561,14.73210,0.71291,1.00000
CC410129,0.62286,0.97152,4.76786,0.34005,1.89183,7.03571,0.40166,2.22467,6.10714,0.51052,1.95848,7.66071,0.53714,0.99999
CC410169,0.66802,1.00000,6.80357,0.52931,1.68645,16.51790,0.45830,2.99997,12.28570,0.38007,3.58485,33.33930,0.78658,1.00000
CC410173,0.83436,0.74140,9.37500,0.31952,1.68156,9.05357,0.24013,1.74662,24.82140,0.26251,1.93048,43.19640,0.67167,0.95742
CC410177,0.62084,1.00000,42.37500,0.43107,2.00000,58.14290,0.27868,2.83048,75.50000,0.40045,2.32136,103.87500,0.53684,0.99997
CC410179,0.68289,0.95444,16.21430,0.32062,1.99996,30.73210,0.57516,2.49129,41.00000,0.43744,3.19257,41.69640,0.54630,1.00000
CC410182,0.54140,0.95105,15.28570,0.43100,1.99999,17.85710,0.50933,2.51386,17.39290,0.42301,2.90953,18.16070,0.63810,1.00000
CC410220,0.62557,0.93789,8.89286,0.58891,1.90439,13.73210,0.31841,2.99986,16.07140,0.40551,3.18033,14.96430,0.82801,0.99999
CC410222,0.75958,1.00000,20.73210,0.38041,1.99029,29.48210,0.45276,2.72486,33.14290,0.35003,3.48661,38.98210,0.82243,1.00000
CC410226,0.38086,0.99999,12.32140,0.40187,1.93316,18.87500,0.34760,2.72711,31.89290,0.23579,2.33286,72.75000,0.67563,0.99999
CC410243,0.62604,1.00000,18.30360,0.35975,1.87528,26.03570,0.31886,2.92359,41.17860,0.48609,1.77098,50.17860,0.81116,0.99988
CC410248,0.56972,1.00000,22.07140,0.44889,2.00000,35.14290,0.38168,2.99999,42.58930,0.33946,3.54653,64.46430,0.81804,1.00000
CC410251,0.83588,1.00000,28.07140,0.44462,1.87492,28.17860,0.38593,2.55802,30.16070,0.34516,3.47138,35.60710,1.24719,1.00000
CC410284,0.70045,0.82783,4.48214,0.46048,2.00000,5.60714,0.31504,2.82781,11.66070,0.62224,2.57433,34.32140,0.97635,1.00000
CC410287,0.68665,1.00000,11.46430,0.51188,2.00000,12.98210,0.50354,2.80350,13.92860,0.40354,3.16779,21.57140,0.66217,1.00000
CC410289,0.89009,0.97813,7.41071,0.42657,1.76167,11.33930,0.44014,2.58473,12.50000,0.56838,3.02679,15.55360,0.86425,1.00000
CC410297,0.63498,1.00000,1.85714,0.40461,1.92356,1.66071,0.30004,2.28158,1.76786,0.36749,2.14837,1.67857,0.83132,1.00000
CC410323,0.61357,1.00000,4.05357,0.62768,1.88276,6.64286,0.34456,2.99999,14.17860,0.27731,3.33490,19.14290,1.11856,1.00000
CC410325,0.74022,1.00000,7.98214,0.44267,1.99999,16.82140,0.53986,2.67558,19.53570,0.24221,3.53574,46.75000,0.79430,1.00000
CC410354,0.65105,0.95371,17.25000,0.46928,1.95384,23.05360,0.31189,2.38035,28.83930,0.28921,2.36037,30.80360,0.70172,1.00000
CC410387,0.63381,1.00000,22.58930,0.37229,1.79529,29.98210,0.47335,2.17403,41.60710,0.74671,1.64521,54.42860,0.93555,1.00000
CC410390,0.49503,1.00000,2.26786,0.29066,1.72272,2.32143,0.47773,2.14040,2.58929,0.45362,2.23446,2.82143,0.63556,1.00000
CC410432,0.58494,0.95434,20.87500,0.31664,1.99928,31.19640,0.43426,2.22513,49.05360,0.49937,2.65198,72.71430,0.70306,1.00000
CC412004,0.64377,1.00000,28.16070,0.54503,1.95828,38.26790,0.43534,2.89407,41.58930,0.43302,3.35496,64.53570,1.23446,1.00000
CC412021,0.73000,1.00000,8.16071,0.42840,1.75901,9.94643,0.53105,1.87577,9.21429,0.62407,1.31074,9.87500,1.06714,1.00000
CC420004,0.51217,1.00000,2.14286,0.47932,1.75035,2.12500,0.32629,2.87391,2.10714,0.45531,2.71331,1.92857,0.91614,1.00000
CC420060,0.77104,1.00000,9.78571,0.51865,1.75670,12.64290,0.42621,2.51921,20.83930,0.38500,2.70521,33.89290,0.82720,1.00000
CC420061,0.59790,0.94567,21.80360,0.57559,1.25309,32.44640,0.45964,1.39508,43.33930,0.44806,1.16930,45.25000,0.78383,1.00000
CC420071,0.59750,1.00000,26.00000,0.52907,1.63065,36.19640,0.55381,2.12722,45.14290,0.42426,2.48184,56.44640,1.35103,1.00000
CC420075,0.57888,0.99999,3.50000,0.29870,1.97748,3.19643,0.33059,2.79041,4.05357,0.36066,2.43126,13.17860,0.86176,1.00000
CC420089,0.60403,0.99731,6.48214,0.38740,1.94876,6.89286,0.33879,2.99905,7.28571,0.61781,2.62547,7.53571,0.96241,1.00000
CC420091,0.48741,0.98582,18.71430,0.34342,1.86588,21.71430,0.27691,2.91229,24.35710,0.41802,2.50503,25.25000,0.73216,1.00000
CC420094,0.47275,0.99992,7.32143,0.38172,1.44879,9.41071,0.46863,1.67148,10.66070,0.22867,2.36259,10.35710,0.60760,0.97101
CC420100,0.50576,0.90879,2.28571,0.30321,1.84540,2.26786,0.28706,0.67330,2.00000,0.33956,1.13611,2.39286,0.69271,1.00000
CC420137,0.67628,1.00000,9.76786,0.41996,1.78508,10.80360,0.44823,2.38541,12.85710,0.28035,2.79814,13.42860,0.57951,1.00000
CC420143,0.60170,1.00000,2.48214,0.44490,1.57002,2.67857,0.36462,2.28982,8.83929,0.56902,2.09280,15.44640,0.68685,0.96678
CC420148,0.59314,0.97694,15.37500,0.33270,1.94599,36.07140,0.51639,1.92291,59.62500,0.37634,2.35687,86.91070,0.87744,1.00000
CC420149,0.51874,0.97550,9.98214,0.47445,1.67471,14.87500,0.33256,2.36408,22.73210,0.36227,2.40428,40.85710,0.75413,1.00000
CC420157,0.55301,0.98744,15.00000,0.43428,1.86612,25.25000,0.42669,1.97595,38.57140,0.43904,1.55948,77.53570,0.60954,1.00000
CC420162,0.54959,0.99999,14.48210,0.67138,1.48854,16.48210,0.34168,2.24255,19.16070,0.57875,1.87392,25.26790,0.73098,0.94408
CC420167,0.50123,1.00000,17.41070,0.35353,1.99999,22.39290,0.23885,2.64132,22.69640,0.24509,2.87492,39.55360,0.69291,1.00000
CC420173,0.44342,0.99996,4.82143,0.44350,1.88291,8.07143,0.35069,2.48239,10.41070,0.34590,2.26110,18.21430,0.66948,1.00000
CC420180,0.54123,1.00000,24.07140,0.34031,1.84004,33.51790,0.28098,2.57648,36.75000,0.48365,2.13991,41.39290,0.80633,1.00000
CC420182,0.51105,1.00000,4.83929,0.47590,1.68755,5.33929,0.29446,2.67707,5.57143,0.25807,3.56550,5.23214,0.51075,1.00000
CC420197,0.93190,0.91683,14.60710,0.47138,2.00000,19.66070,0.46673,2.27055,30.44640,0.52006,2.30912,44.53570,1.12556,1.00000
CC420198,0.59797,1.00000,12.07140,0.41872,1.59847,16.87500,0.70824,1.07901,17.71430,0.41202,1.48266,16.16070,1.12865,0.96576
CC420202,0.49968,1.00000,5.87500,0.38433,1.94208,6.58929,0.41174,2.16477,7.53571,0.37861,2.12154,9.80357,0.58941,1.00000
CC420204,0.54286,1.00000,3.17857,0.40504,1.73186,7.07143,0.30668,2.87343,9.10714,0.26439,3.14176,22.00000,0.79326,1.00000
CC420217,0.69135,1.00000,2.82143,0.31813,1.92772,2.92857,0.46647,2.58805,2.51786,0.55863,2.43658,2.73214,0.68363,1.00000
CC420222,0.78648,0.97281,15.76790,0.37948,1.90281,17.37500,0.27379,2.32352,22.28570,0.32168,2.15425,32.35710,0.69876,1.00000
CC420226,0.56451,1.00000,11.01790,0.48811,1.70799,11.91070,0.42846,2.50626,12.94640,0.36670,2.62520,20.42860,0.48183,1.00000
CC420229,0.62236,1.00000,7.76786,0.40412,1.99999,9.39286,0.37509,2.55506,10.03570,0.24260,2.97651,10.16070,0.71124,1.00000
CC420231,0.67616,1.00000,3.87500,0.49506,1.98165,4.41071,0.45709,2.66288,8.01786,0.27508,3.71336,14.58930,1.05550,1.00000
CC420236,0.52711,0.97266,14.19640,0.28644,1.92320,16.57140,0.35119,2.56903,15.82140,0.32235,3.13047,26.35710,0.60461,0.94776
CC420241,0.74077,1.00000,11.58930,0.76376,1.75320,13.05360,0.50550,2.93432,13.87500,0.45851,2.75053,49.78570,1.30548,1.00000
CC420259,0.63957,1.00000,7.50000,0.44263,1.76569,11.07140,0.46578,2.73169,12.85710,0.45530,3.26797,15.51790,0.81150,1.00000
CC420260,0.68573,1.00000,1.64286,0.36856,1.95165,2.21429,0.35342,2.27077,2.14286,0.23776,3.07749,3.03571,0.74862,0.97484
CC420261,0.79417,1.00000,1.64286,0.55169,1.93529,1.51786,0.51781,2.65099,1.85714,0.36482,3.67996,1.91071,0.78253,1.00000
CC420286,0.54762,1.00000,28.76790,0.40690,1.78509,37.76790,0.34919,2.99965,41.78570,0.34045,3.21769,53.96430,0.82937,0.97718
CC420322,0.62901,1.00000,4.76786,0.41177,1.92707,5.62500,0.48414,1.95520,7.08929,0.31596,2.69328,11.10710,0.65029,0.97210
CC420324,0.66687,1.00000,9.57143,0.54232,1.88656,10.89290,0.29866,2.99654,13.51790,0.39260,2.99695,17.10710,0.71958,1.00000
CC420348,0.93293,0.97871,8.85714,0.54011,1.62660,3.03571,0.35986,2.99998,5.03571,0.28092,3.48337,9.23214,1.01204,0.96120
CC420356,0.57948,0.98913,17.60710,0.48526,1.77575,19.91070,0.28556,2.55075,21.42860,1.34222,1.39274,30.66070,0.49969,1.00000
CC420383,0.50356,0.92849,9.75000,0.35911,1.84150,13.03570,0.61917,2.20245,16.73210,0.39603,3.09750,22.41070,1.03178,0.97950
CC420392,0.68484,0.97880,3.94643,0.52283,1.63411,5.03571,0.30523,2.78449,4.42857,0.32978,3.48445,6.10714,0.73741,1.00000
CC420396,0.49481,0.99999,2.17857,0.45738,1.48234,2.55357,0.25711,2.58844,2.48214,0.53500,1.66060,2.44643,0.60512,1.00000
CC420412,0.45887,1.00000,6.55357,0.33084,1.77244,6.50000,0.30922,2.56816,6.67857,0.33697,3.35627,6.73214,0.41429,0.99993
CC420433,0.44928,0.99994,5.25000,0.41224,1.90367,5.37500,0.47461,2.66809,5.91071,0.42365,3.22941,5.94643,0.78669,1.00000
CC420435,0.74340,0.95684,2.26786,0.45069,1.90813,2.58929,0.43473,2.25529,2.39286,0.27120,2.87928,3.35714,0.62697,1.00000
CC420454,0.71543,1.00000,7.12500,0.46614,2.00000,10.98210,0.42326,2.88127,13.07140,0.39477,3.61038,13.85710,1.03542,1.00000
CC420462,0.61826,0.94293,1.82143,0.40105,1.29227,1.62500,0.38916,2.26326,1.53571,0.44992,2.54908,1.82143,0.67021,1.00000
CC420464,0.73319,0.93925,2.44643,0.37830,1.89868,2.67857,0.49631,2.56411,2.60714,0.27306,3.35434,2.96429,1.03647,1.00000
CC420493,0.64421,1.00000,2.53571,0.44980,1.75131,2.55357,0.62499,2.23415,2.89286,0.67861,2.57765,6.83929,0.62644,1.00000
CC420566,0.90324,0.92850,2.85714,0.52829,1.78237,4.57143,0.49489,2.36066,6.83929,0.32071,2.89982,8.78571,0.96499,1.00000
CC420582,0.66846,0.94959,15.69640,0.48115,1.76749,24.26790,0.42206,2.56743,31.44640,0.29235,3.14092,53.16070,0.68941,1.00000
CC420587,0.62232,1.00000,9.48214,0.48560,1.87589,8.14286,0.31745,2.99986,9.58929,0.38971,2.97049,18.57140,1.03020,1.00000
CC420589,0.53768,1.00000,17.57140,0.41772,1.96620,21.80360,0.31644,2.98205,26.48210,0.31230,3.50410,28.87500,1.18271,0.99999
CC420623,0.42075,1.00000,22.32140,0.30878,1.74904,25.75000,0.26425,2.39387,25.82140,0.52825,2.13847,28.87500,0.47714,0.95577
CC420720,0.71653,1.00000,19.53570,0.40412,1.99997,25.35710,0.47441,2.19896,26.75000,0.28831,2.72692,28.25000,0.80953,1.00000
CC420729,0.56325,0.97935,6.12500,0.59268,1.62018,12.10710,0.46866,2.62794,14.75000,0.22463,3.34369,39.30360,0.73048,0.97466
CC420776,0.63251,1.00000,10.03570,0.43528,1.81597,15.03570,0.42254,1.97862,24.25000,0.39462,2.52605,32.14290,0.78570,1.00000
CC420888,0.62126,0.93853,9.35714,0.37975,1.93888,7.41071,0.43136,1.85638,16.78570,0.25302,2.84442,14.73210,0.97142,0.90895
CC510015,0.78155,0.94289,4.05357,0.51643,1.84022,5.64286,0.40215,2.81289,4.26786,0.43285,3.11750,3.73214,0.61954,0.99999
CC510039,0.46455,1.00000,6.30357,0.37328,1.81332,7.51786,0.35232,2.73930,17.19640,0.44437,2.71859,17.07140,0.65409,1.00000
CC510043,0.59964,1.00000,2.17857,0.40921,1.99997,2.55357,0.32207,2.39858,5.57143,0.38051,2.55330,15.16070,0.60748,0.97362
CC510050,0.68898,0.99998,6.78571,0.45322,1.66533,6.51786,0.33725,2.55987,8.44643,0.45517,3.04604,9.78571,0.87790,1.00000
CC510062,0.64477,0.87314,24.46430,0.38490,1.96624,19.83930,0.44372,2.33503,25.80360,0.85596,1.17239,33.01790,0.98664,1.00000
CC510076,0.63147,1.00000,1.73214,0.43621,1.99989,1.46429,0.43434,2.55310,1.57143,0.53417,3.06590,1.62500,0.64897,1.00000
CC510086,0.54889,1.00000,1.03571,0.42568,1.73337,1.39286,0.39437,2.40445,1.33929,0.30077,3.34086,1.30357,0.73029,1.00000
CC510115,0.70989,1.00000,22.82140,0.49346,1.90510,30.92860,0.38757,2.29384,30.82140,0.34987,3.02590,40.91070,1.02149,1.00000
CC510161,0.56592,1.00000,3.48214,0.37478,1.42902,3.91071,0.33514,2.07698,3.89286,0.25677,2.46628,6.82143,0.75190,1.00000
CC510163,0.53164,1.00000,2.69643,0.45181,1.19659,2.37500,0.38675,2.11990,2.62500,0.38961,2.42961,12.50000,0.71831,1.00000
CC510179,0.60835,1.00000,3.96429,0.52617,1.55782,4.89286,0.40958,2.03696,3.96429,0.55434,2.49062,3.67857,0.64542,0.99998
CC510208,0.61294,0.97846,13.83930,0.43167,1.92887,20.35710,0.46185,2.66764,26.55360,0.26364,3.58691,38.85710,0.87298,1.00000
CC510220,0.70200,0.95721,28.44640,0.49080,1.64301,38.48210,0.42912,2.21759,57.32140,0.34605,2.52559,79.23210,0.80733,1.00000
CC510226,0.47898,0.95017,2.46429,0.34271,1.75057,2.14286,0.29477,2.26262,5.21429,0.38348,1.67048,22.57140,0.51013,1.00000
CC510237,0.48379,0.97232,29.07140,0.45009,1.67656,36.80360,0.37456,2.60111,45.78570,0.24953,2.46375,93.89290,0.59468,1.00000
CC510242,0.65542,0.95281,15.76790,0.43134,1.89561,18.48210,0.40967,2.65464,25.92860,0.66906,2.36406,47.87500,0.47846,1.00000
CC510243,0.43778,0.96998,13.98210,0.28897,1.85617,17.89290,0.28349,1.96891,32.35710,0.33513,1.91645,64.80360,0.52799,1.00000
CC510255,0.49913,1.00000,9.51786,0.28844,1.54454,20.46430,0.29269,1.84278,28.98210,0.25227,1.19435,46.32140,0.58486,1.00000
CC510256,0.51650,1.00000,1.94643,0.52528,1.89808,1.75000,0.39481,2.92504,1.66071,0.49565,2.58589,1.64286,0.92137,1.00000
CC510258,0.40183,1.00000,2.60714,0.34603,1.55101,2.73214,0.58032,1.84540,2.85714,0.25119,2.00050,2.41071,0.55128,1.00000
CC510259,0.55502,0.99999,17.51790,0.45875,1.72959,21.83930,0.39339,2.77640,41.03570,0.47124,2.20092,61.83930,0.65592,1.00000
CC510284,0.54592,1.00000,2.67857,0.48051,1.62691,2.67857,0.21551,2.23313,2.44643,0.36648,1.57321,9.37500,0.62096,1.00000
CC510304,0.64350,0.90248,15.10710,0.48181,1.45661,26.62500,0.33581,2.56904,44.58930,0.28593,2.83821,41.69640,0.76623,1.00000
CC510321,0.75301,1.00000,5.44643,0.41273,1.95855,5.19643,0.54926,2.44541,5.85714,0.38826,3.31946,6.25000,0.92485,0.98076
CC510323,0.58028,0.94678,8.80357,0.66474,1.36295,2.44643,0.31281,2.01162,8.67857,0.20892,3.19446,12.23210,0.65725,1.00000
CC510329,0.63049,1.00000,21.03570,0.52162,1.92654,26.94640,0.38767,2.75241,28.51790,0.42025,2.89729,30.92860,1.09675,1.00000
CC510342,0.57088,1.00000,1.30357,0.34108,1.99999,1.25000,0.35974,2.09289,1.48214,1.06460,0.76648,1.39286,0.57642,1.00000
CC510354,0.57812,0.96815,9.33929,0.34869,1.71479,20.42860,0.34848,2.07058,32.58930,0.36520,0.84933,96.19640,0.77933,0.86774
CC510355,0.57322,1.00000,2.19643,0.39846,1.94320,1.83929,0.46677,2.33007,1.94643,0.44615,2.41088,1.87500,0.48248,1.00000
CC510392,0.71689,1.00000,6.33929,0.33746,1.99944,12.21430,0.22193,2.91232,17.26790,0.42783,1.46282,33.00000,0.57877,1.00000
CC510393,0.63858,1.00000,1.76786,0.35418,1.78007,1.62500,0.34641,1.75405,1.39286,0.27972,2.53700,1.53571,0.60388,0.96676
CC510395,0.55905,1.00000,12.92860,0.37463,1.99994,16.57140,0.35574,2.50499,19.53570,0.29534,3.76958,20.41070,0.77984,0.99999
CC510415,0.51483,1.00000,9.42857,0.33121,1.99985,10.42860,0.38514,2.64160,11.51790,0.30214,2.58904,14.05360,0.70370,1.00000
CC510433,0.54700,0.93468,14.28570,0.44715,1.92075,18.91070,0.41330,1.74405,35.26790,0.27426,2.45905,103.48200,0.93388,0.97804
CC510434,0.40207,1.00000,2.26786,0.44461,1.19749,3.44643,0.37623,1.52502,5.35714,0.20113,3.64212,12.03570,0.68258,1.00000
CC510438,0.64856,0.95315,3.71429,0.64150,1.57747,4.00000,0.39939,2.92289,4.37500,0.29949,2.60484,3.98214,0.73119,0.99999
CC510473,0.48747,1.00000,20.05360,0.28554,1.95483,28.53570,0.30284,2.17614,31.19640,0.22977,2.01565,30.60710,0.76430,1.00000
CC510474,0.52874,0.97303,3.42857,0.31730,1.99998,3.57143,0.24704,2.99975,3.60714,0.23664,3.20146,4.55357,0.51389,0.99999
CC510480,1.58372,0.06564,12.57140,0.40884,0.00065,14.30360,3.56158,0.00000,14.19640,0.20834,0.00293,13.32140,0.92913,0.36233
CC510483,0.81474,1.00000,12.37500,0.63065,1.61222,18.05360,0.59068,2.38386,19.71430,0.68870,2.07194,42.82140,1.08994,1.00000
CC510486,0.48542,1.00000,4.00000,0.32878,1.84836,7.92857,0.34083,2.58792,4.73214,0.39161,2.72029,6.35714,0.71206,1.00000
CC510511,0.55303,0.99998,4.91071,0.35087,2.00000,14.17860,0.28706,2.71748,29.33930,0.30013,2.89382,62.80360,0.61694,1.00000
CC510534,0.46472,1.00000,7.12500,0.29117,1.73775,6.82143,0.28448,2.06624,8.62500,1.52567,0.96093,8.25000,1.02261,0.96061
CC510548,0.36803,0.99999,12.76790,0.26416,1.89126,16.89290,0.22841,2.21584,19.01790,0.36795,1.95654,21.57140,0.49090,1.00000
CC510551,0.92066,0.84955,15.78570,0.40612,1.71772,23.71430,0.35757,2.77147,30.53570,0.29140,3.80670,45.12500,0.92774,0.95056
CC510568,0.43223,0.92964,30.07140,0.34757,1.48723,45.39290,0.60578,0.97072,78.51790,0.49036,0.66874,114.58900,0.80782,1.00000
CC510572,0.36982,0.99999,2.32143,0.38354,1.39633,2.48214,0.29752,1.75356,2.42857,0.25649,2.08449,2.46429,0.42089,1.00000
CC510609,0.53639,1.00000,5.03571,0.37506,1.99999,6.94643,0.44819,2.39014,13.57140,0.29392,2.86811,22.60710,0.88184,1.00000
CC510629,0.55081,1.00000,8.17857,0.41956,1.89643,9.67857,0.49363,2.62230,9.76786,0.50524,2.20658,10.53570,0.74534,0.96256
CC510639,0.43023,1.00000,1.91071,0.48190,1.69231,1.91071,0.38766,2.35250,4.96429,0.41634,3.08539,2.32143,0.51808,0.99999
CC510648,0.80225,1.00000,14.50000,0.51679,2.00000,19.91070,0.51478,2.19261,40.23210,0.59308,2.42080,89.12500,0.88392,1.00000
CC512003,0.64104,1.00000,22.23210,0.44217,1.80899,29.12500,0.45949,1.90627,32.75000,0.29634,2.77967,44.14290,0.84442,1.00000
CC520002,0.48443,1.00000,11.87500,0.37039,1.67113,21.92860,0.24665,2.40168,36.08930,0.34010,1.85124,45.03570,0.43484,0.95215
CC520011,0.77265,1.00000,16.42860,0.44289,2.00000,19.12500,0.50791,2.77656,26.30360,0.42453,3.65555,30.03570,1.17188,0.97283
CC520013,0.42172,1.00000,22.01790,0.40046,1.81208,26.87500,0.31605,2.51351,41.80360,0.23572,3.99971,58.76790,0.58669,0.99999
CC520042,0.44487,1.00000,46.50000,0.39563,1.76490,69.73210,0.40289,2.32660,77.94640,0.29535,2.42642,88.64290,0.84489,0.97709
CC520053,0.33358,0.99986,11.98210,0.30203,1.99998,14.60710,0.23548,2.38008,29.92860,0.44434,0.95476,56.92860,0.91959,0.95256
CC520055,0.64312,0.99998,33.00000,0.35933,1.70338,44.25000,0.36669,2.32056,54.53570,0.52172,2.29813,77.55360,0.50328,1.00000
CC520065,0.73622,1.00000,8.26786,0.32411,1.99997,12.80360,0.41801,1.97768,29.00000,0.37174,2.78183,39.37500,1.09996,1.00000
CC520078,0.65127,0.96841,11.64290,0.35872,1.99998,27.75000,0.39458,2.47074,53.37500,0.38376,2.23304,107.14300,0.57558,1.00000
CC520083,0.53672,0.95597,33.58930,0.43337,1.66759,46.67860,0.32810,1.63076,59.75000,0.22013,2.98605,64.46430,0.59751,0.99722
CC520097,0.48451,0.99999,14.51790,0.40316,1.72909,25.17860,0.98550,1.17765,31.25000,0.22669,3.05725,49.75000,0.84577,0.99997
CC520122,0.61552,1.00000,21.35710,0.45536,1.87161,25.83930,0.28517,2.51917,28.98210,0.35076,1.77254,35.30360,0.85039,1.00000
CC520127,0.52740,1.00000,4.03571,0.39345,1.79350,11.91070,0.31940,2.55503,7.85714,0.39967,2.16271,37.80360,0.60668,1.00000
CC520134,0.78719,0.99776,9.96429,0.58201,1.94314,18.82140,0.41169,2.89541,25.03570,0.26685,3.40739,36.92860,0.87810,0.98070
CC520136,0.52027,0.99999,14.64290,0.45111,1.82822,21.71430,0.24197,2.99981,33.41070,0.21686,3.02920,81.26790,0.78501,1.00000
CC520147,0.72607,1.00000,3.53571,0.50551,1.93221,3.96429,0.37542,2.79751,3.60714,0.45849,2.28794,6.69643,0.86789,1.00000
CC520162,0.47510,1.00000,1.66071,0.38407,1.46019,1.67857,0.24771,2.50400,1.60714,0.42105,1.23510,1.53571,0.77232,1.00000
CC520168,0.56741,0.99999,16.87500,0.68617,1.56189,30.92860,0.50159,2.16908,44.78570,0.43510,2.39654,68.69640,0.75473,1.00000
CC520175,0.56449,1.00000,1.92857,0.43023,1.74394,1.91071,0.36530,2.57053,1.96429,0.56535,2.90546,2.58929,0.82494,1.00000
CC520197,0.60446,1.00000,1.80357,0.34932,1.82742,1.75000,0.39175,1.56067,3.50000,0.67812,2.28093,2.85714,0.68276,1.00000
CC520200,0.46472,1.00000,3.39286,0.41498,1.81780,3.94643,0.63145,1.92547,9.28571,0.23971,1.50434,29.12500,0.70719,1.00000
CC520209,0.69998,0.98449,12.87500,0.48676,1.89577,17.02680,0.32026,2.58702,35.63390,0.29469,3.10667,42.28570,0.85140,0.95282
CC520215,0.66332,0.95864,9.53571,0.36247,1.88137,9.94643,0.46778,2.62957,10.62500,0.34151,3.33444,11.30360,0.74396,1.00000
CC520239,0.67266,0.95002,2.82143,0.46725,1.77119,2.75000,0.35596,2.67115,2.89286,0.22071,2.79239,2.07143,0.82006,0.97229
CC520247,0.55638,1.00000,17.53570,0.33578,1.92108,29.73210,0.44258,1.53942,85.25000,0.54589,1.76210,113.37500,0.90928,1.00000
CC520253,0.46362,1.00000,14.39290,0.44004,1.36740,15.83930,0.35620,1.97384,16.12500,0.24575,3.15950,15.80360,0.44237,1.00000
CC520254,0.49829,1.00000,3.98214,0.42001,1.60200,4.33929,0.33559,1.80692,10.78570,0.41627,1.37915,11.91070,0.57291,0.96726
CC520275,0.51577,0.45059,7.80357,0.28678,1.13453,4.17857,0.21339,1.59963,4.80357,0.23885,2.03490,4.33929,0.35541,0.99996
CC520279,0.44983,0.93776,2.42857,0.30115,1.44862,2.60714,0.35454,1.07012,2.10714,0.80682,1.36589,2.33929,0.53054,0.96941
CC520287,0.57079,1.00000,2.50000,0.44431,1.64895,2.55357,0.49504,2.15596,2.51786,0.29576,2.83713,2.42857,0.62981,0.99999
CC520377,0.46969,1.00000,7.80357,0.36862,1.74139,12.19640,0.37589,2.24733,7.94643,0.31036,3.09183,8.71429,0.76789,0.93816
CC520390,0.67423,0.96677,7.16071,0.50815,2.00000,8.17857,0.32245,2.99991,15.69640,0.32979,3.11473,9.76786,0.93335,1.00000
CC520391,0.55312,0.99992,2.89286,0.44122,1.90295,3.46429,0.43911,2.76185,3.75000,0.25634,3.87542,6.96429,0.81644,1.00000
CC520395,0.51060,1.00000,1.57143,0.33788,1.93836,1.71429,0.40839,2.15867,1.82143,0.44554,1.91386,1.78571,0.81876,1.00000
CC520398,0.57243,1.00000,4.28571,0.39258,1.91616,4.76786,0.33902,2.89803,5.37500,0.44170,3.13317,4.35714,0.68023,0.99997
CC520424,0.44330,0.99996,6.23214,0.37303,1.82017,7.60714,0.26948,2.59154,9.85714,0.38796,2.37644,10.08930,0.72852,0.94497
CC520436,0.62543,0.99999,2.75000,0.33344,1.78456,2.87500,0.24663,1.94819,2.91071,0.22835,2.04075,3.14286,0.51724,1.00000
CC520477,0.75123,1.00000,1.60714,0.73077,1.32027,1.51786,0.63104,1.77158,1.66071,0.40399,2.78984,1.57143,0.69954,0.97117
CC520480,0.43487,0.99996,2.03571,0.61874,1.18993,1.87500,0.45811,1.15533,1.96429,0.74886,1.07636,1.78571,0.66495,0.94220
CC520503,0.57057,1.00000,10.00000,0.36173,1.58797,22.44640,0.53721,1.88772,29.46430,0.30573,1.91119,65.55360,0.72967,0.99992
CC520517,0.43132,1.00000,7.03571,0.40560,1.83918,8.89286,0.30881,2.58990,9.85714,0.35425,1.94952,10.25000,0.57262,1.00000
CC520552,0.56934,1.00000,15.12500,0.47102,1.79054,18.14290,0.24813,2.98369,21.10710,0.40315,2.82369,22.25000,1.01157,0.95641
CC520560,0.63263,0.97745,3.30357,0.30741,1.77309,3.25000,0.66679,1.31586,3.19643,1.89950,0.90900,3.46429,0.46914,1.00000
CC520562,0.50935,0.99999,9.71429,0.38819,1.88321,14.76790,0.30761,2.21043,11.19640,0.38541,2.21213,10.03570,0.68415,0.95864
CC520584,0.69513,1.00000,17.76790,0.60303,1.80911,20.17860,0.42794,2.43058,21.12500,0.27465,2.34022,26.76790,0.60929,1.00000
CC520585,0.52238,0.96883,2.94643,0.26781,1.68411,2.87500,0.22367,2.30964,2.98214,0.41011,2.47014,2.82143,0.51980,1.00000
CC520597,0.65901,0.97603,8.30357,0.46526,1.83990,13.08930,0.38523,2.26266,16.82140,0.32421,2.79501,30.83930,0.85376,1.00000
CC520607,0.59160,0.97858,11.76790,0.51716,1.90236,13.10710,0.30665,2.92811,14.08930,0.27574,3.06720,15.25000,0.66785,0.98568
CC520624,0.70620,0.95208,2.53571,0.33530,1.91862,3.42857,0.38169,2.65768,8.48214,0.43906,3.14760,18.87500,1.00758,1.00000
CC520673,0.45771,1.00000,14.69640,0.38278,1.50215,21.92860,0.22812,1.22643,35.39290,0.54161,0.94400,34.92860,0.40115,0.99980
CC520745,0.72077,1.00000,12.80360,0.67326,1.89058,16.03570,0.55008,2.59380,24.17860,0.43541,3.21292,25.42860,0.93210,0.97759
CC520775,0.44611,0.99999,6.32143,0.37184,1.79544,9.01786,0.44943,2.47570,9.67857,0.29330,3.69682,29.83930,0.66529,0.99999
CC520868,0.46102,0.94277,2.64286,0.30448,1.30097,2.44643,0.21998,1.82833,2.75000,0.37511,0.99712,2.28571,0.45297,0.97039
CC520980,0.46897,0.90742,3.14286,0.32828,1.39269,5.80357,0.37001,2.46047,5.25000,0.26428,2.23334,6.10714,0.56444,1.00000
CC521040,0.49738,0.89471,12.55360,0.33197,1.78277,15.87500,0.23231,2.96200,15.07140,0.43702,2.35796,13.80360,0.75636,1.00000
CC610022,0.66056,1.00000,3.08929,0.50798,1.84011,3.41071,0.34785,2.55898,3.16071,0.32744,2.25521,2.89286,0.61413,1.00000
CC610028,1.02004,0.89933,1.01786,0.46361,1.74002,1.57143,0.46673,2.32216,7.30357,0.23303,3.32036,6.00000,0.86802,1.00000
CC610039,0.61200,0.95161,4.44643,0.31562,1.97694,5.44643,0.38362,2.27478,3.96429,0.22374,2.10547,4.01786,0.49003,1.00000
CC610040,0.56278,0.97140,6.91071,0.30218,1.80565,7.51786,0.48900,1.41006,9.87500,0.38692,1.54930,13.62500,0.81368,1.00000
CC610046,0.44065,1.00000,5.83929,0.31891,1.99479,6.57143,0.29495,2.79188,6.67857,0.26412,2.68139,6.57143,0.39328,1.00000
CC610050,0.53551,1.00000,20.10710,0.32305,1.49809,30.37500,0.46877,0.98657,40.01790,0.22316,1.75308,42.21430,0.55563,1.00000
CC610051,0.65892,1.00000,22.41070,0.53126,1.95000,26.76790,0.53533,2.38974,30.01790,0.37763,3.50289,28.80360,0.79184,1.00000
CC610052,0.37709,0.99935,5.96429,0.28126,1.35214,2.94643,0.25760,2.38546,30.96430,0.29050,1.98387,88.67860,0.52341,0.95455
CC610058,0.48096,0.92146,32.78570,0.52065,1.46972,34.39290,0.25616,2.74217,49.50000,0.22452,2.01903,44.73210,0.61644,1.00000
CC610061,0.43658,1.00000,2.83929,0.29977,1.57330,2.89286,0.30058,2.12623,2.41071,0.43479,1.18202,2.66071,0.68308,1.00000
CC610071,0.72924,1.00000,4.98214,0.54246,1.93107,17.16070,0.35944,2.56113,31.33930,0.21744,3.47912,65.07140,0.95277,1.00000
CC610076,0.53644,1.00000,10.44640,0.38914,2.00000,14.71430,0.36429,2.55743,21.75000,0.41170,2.61451,26.82140,0.75704,1.00000
CC610096,0.60096,1.00000,6.42857,0.41573,1.96604,7.85714,0.37939,2.40332,23.41070,0.35226,2.22240,36.58930,0.68905,1.00000
CC610099,0.56852,0.97611,15.00000,0.31778,1.99899,16.92860,0.39953,2.15333,32.58930,0.22299,3.70042,51.42860,1.20024,1.00000
CC610101,0.44260,0.96022,1.91071,0.36121,1.63706,1.75000,0.40498,1.95778,2.00000,0.32701,1.56458,1.91071,0.68631,1.00000
CC610120,0.45734,0.94861,2.58929,0.28338,1.68440,2.55357,0.22083,2.01192,2.57143,0.20088,2.28171,2.98214,0.49165,1.00000
CC610146,0.55698,1.00000,8.37500,0.45995,1.94328,8.92857,0.49617,2.52511,11.01790,0.31548,2.80841,11.83930,0.73679,1.00000
CC610178,0.68192,0.94349,17.10710,0.32168,1.99984,18.98210,0.40976,2.42613,20.14290,0.41899,2.70231,18.37500,0.82445,1.00000
CC610210,0.43907,0.97157,14.71430,0.40091,0.97004,18.00000,0.50868,1.11471,40.78570,0.20827,2.61805,43.60710,0.52019,1.00000
CC610212,0.59280,1.00000,20.48210,0.45993,2.00000,25.32140,0.41159,2.53886,28.87500,0.33225,3.22979,33.94640,1.11130,1.00000
CC610227,0.47021,0.99970,20.75000,0.37949,1.99989,36.48210,0.42053,2.65924,56.33930,0.37823,2.90107,85.62500,0.50472,0.99999
CC610285,0.41644,1.00000,2.60714,0.35759,1.70727,2.87500,0.30597,2.72825,2.87500,0.36939,1.81597,2.33929,0.45500,1.00000
CC610288,0.52986,1.00000,9.87500,0.37617,2.00000,13.37500,0.34481,3.00000,20.00000,0.22835,3.90136,43.75000,0.93900,0.96923
CC610292,0.70733,0.96708,3.78571,0.51066,1.91232,4.00000,0.32584,2.43797,6.83929,0.56664,2.06030,23.53570,0.88264,1.00000
CC610308,0.52207,1.00000,3.42857,0.38768,1.99997,7.58929,0.31106,2.51239,21.17860,0.30744,2.76232,33.03570,0.60588,0.99999
CC610344,0.50729,1.00000,2.12500,0.31609,1.52661,2.32143,0.21816,2.48650,5.73214,0.53479,0.61220,8.50000,1.06510,0.97565
CC610372,0.48814,1.00000,2.51786,0.47768,1.56241,3.46429,0.42476,1.67936,3.07143,0.33318,2.17058,11.87500,0.79074,1.00000
CC610392,0.42577,1.00000,12.53570,0.39258,1.96713,22.01790,0.48357,1.66420,35.64290,0.37836,1.29731,58.19640,0.77752,1.00000
CC610405,0.52528,1.00000,17.55360,0.43854,1.77554,28.21430,0.37165,2.43024,47.92860,0.45820,1.58029,115.21400,0.84645,1.00000
CC610462,0.60368,0.95085,4.32143,0.51068,1.72221,4.57143,0.43525,2.72790,4.80357,0.27170,2.90489,4.67857,0.64290,0.99999
CC610469,0.41572,1.00000,10.35710,0.52426,1.12966,13.23210,0.49424,1.83921,17.66070,0.31787,1.83596,36.80360,0.62896,1.00000
CC610496,0.56700,0.97335,22.66070,0.36460,1.53729,22.98210,0.25997,2.43699,27.35710,0.31270,2.31492,23.67860,0.58170,0.97452
CC610508,0.59156,1.00000,67.73210,0.45262,1.65069,72.46430,0.47678,2.07510,83.23210,0.31391,2.61390,91.21430,0.63235,1.00000
CC610568,0.46630,0.74695,15.78570,0.35673,1.41480,40.67860,0.22289,2.22717,57.37500,0.21735,2.34698,90.07140,0.98637,1.00000
CC610575,0.74832,0.94171,15.67860,0.38024,1.72714,27.10710,0.35104,1.87260,36.14290,0.25496,2.46293,57.00000,0.93330,1.00000
CC610576,0.47216,1.00000,5.51786,0.39563,1.86506,3.98214,0.32953,2.60056,5.14286,0.42419,2.37489,5.26786,0.62204,1.00000
CC610594,0.52892,1.00000,4.41071,0.37916,1.78217,4.53571,0.34330,2.66640,4.37500,0.23859,2.20523,4.53571,0.93101,1.00000
CC610614,0.55135,1.00000,2.75000,0.49008,1.60164,3.83929,0.39069,1.74507,21.57140,0.26299,1.62430,31.67860,0.82283,1.00000
CC610625,0.48449,0.97761,5.96429,0.35233,1.73684,6.23214,0.58499,1.41726,6.50000,0.40306,1.99214,13.51790,0.60704,1.00000
CC610631,0.71868,1.00000,3.03571,0.40764,1.99999,3.71429,0.47046,2.46621,5.64286,0.36912,2.40004,16.12500,0.79266,1.00000
CC610653,0.55337,1.00000,25.41070,0.34531,1.71594,25.98210,0.38453,2.35187,29.57140,0.36714,2.39996,52.73210,0.51090,0.96744
CC610658,0.52861,1.00000,25.55360,0.41447,1.98173,30.28570,0.31193,2.81689,32.76790,0.22784,2.74455,47.03570,0.71716,1.00000
CC610671,0.70603,0.97674,5.03571,0.59266,1.77408,6.26786,0.40097,2.52289,7.07143,0.27648,2.57524,6.64286,0.86619,1.00000
CC610697,0.75776,0.95584,3.32143,0.49008,1.71070,3.30357,0.33059,2.52116,3.51786,0.27865,3.57746,3.26786,0.90004,1.00000
CC620005,0.73062,0.95551,21.14290,0.53754,1.82623,25.91070,0.39435,2.74984,37.05360,0.39499,2.86021,49.19640,0.87597,1.00000
CC620026,0.78816,0.89826,13.98210,0.35251,1.65226,18.05360,0.37537,2.43201,20.07140,0.43147,2.55470,37.55360,0.65823,1.00000
CC620044,0.57285,1.00000,8.30357,0.48953,1.76229,9.83929,0.35243,2.74299,10.67860,0.38602,2.94224,10.46430,0.94172,0.97386
CC620073,0.58634,1.00000,4.39286,0.39492,2.00000,4.67857,0.25505,2.91678,5.08929,0.44170,2.43798,4.87500,0.89092,1.00000
CC620085,0.47661,1.00000,17.05360,0.39004,1.83162,38.12500,0.32844,2.24115,71.96430,0.24139,2.73814,83.50000,0.74322,1.00000
CC620090,0.72695,0.97831,12.05360,0.51662,0.88387,11.37500,0.32565,1.07272,8.73214,0.54310,0.73363,8.83929,0.50707,1.00000
CC620106,0.64419,1.00000,13.57140,0.50094,2.00000,16.19640,0.38605,2.60179,15.91070,0.29927,1.89297,49.23210,1.21814,1.00000
CC620114,0.46229,1.00000,2.00000,0.39367,1.82214,4.03571,0.29309,2.86970,19.39290,0.46371,1.61678,65.01790,0.79275,1.00000
CC620118,0.68153,0.98197,1.80357,0.35122,1.40916,8.46429,0.25392,2.28873,20.03570,0.38196,1.60299,99.71430,0.75282,0.98548
CC620121,0.69779,1.00000,2.16071,0.37427,1.80536,2.64286,0.29834,1.66825,50.16070,0.49976,0.83318,89.89290,0.95492,1.00000
CC620129,0.52187,0.99984,9.05357,0.48909,1.95514,16.58930,0.35412,2.70148,17.94640,0.39903,2.45691,46.75000,1.09695,1.00000
CC620152,0.25907,0.99998,4.82143,0.26952,1.40955,10.10710,0.21377,2.60288,4.25000,1.88852,0.39201,29.78570,0.48139,0.97159
CC620164,0.60662,1.00000,22.75000,0.30380,1.99999,33.80360,0.26406,2.32887,36.58930,0.22279,2.11802,42.94640,1.04245,0.97802
CC620193,0.76567,0.94075,4.67857,0.39795,1.77326,10.01790,0.29047,2.67718,15.12500,1.11771,1.26085,22.78570,1.06738,1.00000
CC620200,0.50064,1.00000,4.37500,0.39146,1.59280,4.67857,0.31445,2.55459,9.39286,0.31043,2.90114,7.78571,0.60967,1.00000
CC620259,0.44384,0.98005,5.71429,0.32597,1.84921,7.33929,0.29126,2.58921,11.64290,0.34139,2.31323,17.64290,0.98628,0.97178
CC620262,0.41401,0.99999,11.08930,0.25866,1.77683,14.94640,0.51706,1.62926,17.69640,0.20940,2.02829,15.41070,0.72307,1.00000
CC620264,0.84758,0.97446,11.64290,0.38439,1.91145,18.26790,0.39886,2.69108,35.07140,0.36414,2.54718,60.21430,0.98921,1.00000
CC620279,0.40049,0.99999,8.28571,0.39587,2.00000,9.60714,0.38985,2.29775,10.30360,0.45801,2.05457,11.30360,0.56663,1.00000
CC620284,0.59681,1.00000,4.75000,0.36846,1.73388,5.55357,0.38269,2.02723,4.78571,0.47247,2.21322,7.32143,0.67144,1.00000
CC620314,0.38123,1.00000,16.25000,0.33420,1.83751,20.19640,0.36992,2.02401,20.14290,0.46387,1.07398,19.91070,0.58860,0.97145
CC620354,0.67940,0.93680,21.33930,0.32429,1.68227,20.51790,0.35276,1.81742,41.16070,0.44652,1.62853,53.12500,0.93925,0.97885
CC620359,0.53404,0.99999,12.08930,0.49312,1.66425,17.82140,0.26222,2.53891,30.32140,0.53600,1.72493,47.28570,0.94522,1.00000
CC620405,0.46472,0.89377,5.33929,0.32500,1.73169,6.91071,0.29720,2.52713,7.41071,0.21494,3.83680,6.67857,0.74702,1.00000
CC620406,0.61738,0.95035,26.76790,0.39505,1.99968,30.23210,0.31951,2.64581,32.19640,0.45519,2.48400,47.30360,0.69567,1.00000
CC620413,0.70821,1.00000,28.48210,0.42796,1.87600,35.23210,0.26241,2.65832,41.78570,0.42162,2.06287,55.12500,1.06592,0.97839
CC620429,0.44832,0.99874,17.10710,0.38823,1.90515,20.35710,0.41806,2.39035,22.66070,0.26640,2.89700,23.62500,0.59587,1.00000
CC620436,0.51807,0.97446,5.91071,0.54315,1.71409,12.19640,0.51177,2.46155,14.37500,0.45449,2.25345,35.16070,0.84241,1.00000
CC620444,0.40813,1.00000,8.17857,0.33187,1.50379,12.37500,0.21087,2.69881,15.96430,0.33197,2.25301,19.16070,0.67208,1.00000
CC620451,0.29761,0.99999,2.85714,0.25240,0.90311,2.55357,0.22385,1.51436,2.53571,0.21395,1.88016,2.51786,0.33946,1.00000
CC620454,0.39912,0.99999,31.35710,0.31856,1.99986,35.00000,0.38921,2.28351,47.30360,0.33457,3.05165,54.17860,0.64406,0.95784
CC620466,0.57267,1.00000,18.21430,0.38956,1.92251,18.75000,0.21762,2.79002,33.57140,0.23447,2.16895,51.17860,0.87733,1.00000
CC620479,0.74860,1.00000,2.35714,0.47058,2.00000,2.26786,0.39959,2.72547,2.64286,0.48872,2.15952,2.58929,0.94742,1.00000
CC620490,0.44544,1.00000,11.92860,0.42199,1.70762,19.19640,0.28914,2.08754,21.30360,0.38010,1.69259,23.69640,1.00577,1.00000
CC620496,0.46924,0.95059,21.01790,0.25467,1.86794,49.03570,0.35788,1.65258,64.94640,0.41494,1.33493,81.39290,0.55442,1.00000
CC620515,0.62408,1.00000,3.91071,0.42860,1.92911,3.50000,0.38025,2.10295,3.51786,0.20871,3.30754,3.12500,1.03776,1.00000
CC620526,0.51935,1.00000,8.91071,0.49694,1.87877,13.51790,0.40340,2.60681,22.10710,0.50451,2.74422,42.80360,0.68643,0.97600
CC620527,0.41580,1.00000,20.71430,0.44511,1.77784,20.60710,0.39043,2.18653,47.35710,0.56054,1.83202,74.37500,0.64871,0.99999
CC620549,0.62113,0.92867,2.08929,0.32464,1.73949,5.51786,0.28245,1.89193,2.78571,0.30868,1.61842,3.10714,0.47721,1.00000
CC620557,0.57191,0.97418,4.60714,0.41277,1.60485,4.92857,0.43887,2.05490,5.01786,0.24557,2.42961,4.89286,0.72261,1.00000
CC620560,0.51318,0.99999,3.03571,0.44505,1.53947,3.05357,0.25251,2.00261,2.75000,0.30078,1.97481,6.03571,0.54911,1.00000
CC620567,0.44594,0.78724,9.91071,0.21759,1.97814,13.48210,0.35534,1.20499,21.78570,0.24763,1.22327,34.62500,0.72474,1.00000
CC620572,0.56127,1.00000,35.05360,0.33239,1.99975,47.80360,0.35940,2.46679,58.58930,0.33354,2.93439,69.80360,1.10999,1.00000
CC620592,0.52584,0.95792,2.46429,0.33921,1.50459,2.92857,0.55510,1.65246,2.73214,0.66841,1.31005,5.91071,0.62247,0.99997
CC620610,0.45741,1.00000,2.53571,0.35283,1.57311,2.69643,0.24192,2.37984,2.35714,0.67364,1.63536,2.62500,0.64947,1.00000
CC620619,0.40327,0.99999,2.30357,0.33904,1.62567,2.51786,0.21819,1.77696,2.64286,0.32528,0.60111,2.44643,0.73229,0.95768
CC620659,0.66679,0.97037,3.08929,0.39265,1.74195,6.03571,0.35902,1.71366,9.83929,0.35502,2.49905,12.33930,0.85127,0.97552
CC620685,0.54420,0.99999,5.94643,0.41433,1.77923,3.44643,0.39341,2.66944,9.46429,0.71440,1.83008,25.30360,0.82450,1.00000
CC620720,0.34346,0.97328,3.67857,0.43307,1.15829,2.76786,0.25416,2.01866,6.42857,0.22118,2.78091,19.46430,0.50644,1.00000
CC620785,0.61411,0.95798,2.05357,0.33796,1.76026,1.96429,0.46201,2.02723,2.76786,0.20625,2.80390,4.35714,0.57892,0.99984
CC620793,0.80514,0.97568,9.39286,0.33994,1.68719,9.26786,0.36563,2.46831,13.14290,0.34099,2.35213,9.82143,0.51985,1.00000
CC620821,0.24462,0.93659,2.55357,0.27321,1.02295,2.41071,0.21711,1.03337,2.01786,0.28430,0.25148,2.01786,0.43136,0.90174
CC620885,0.30152,0.99996,2.39286,0.24037,1.99994,2.51786,0.31968,2.19609,2.30357,0.38431,1.33754,2.16071,0.70609,1.00000
CC620919,0.40683,1.00000,4.69643,0.43911,1.36333,4.98214,0.33446,2.20430,5.03571,0.30154,1.28300,4.41071,0.54545,1.00000
CC620935,0.63190,0.91000,8.39286,0.28979,1.99998,23.03570,0.29926,2.26563,39.08930,0.32669,2.54576,52.64290,0.69280,1.00000
CC621011,0.39563,0.94381,7.60714,0.33424,1.77141,8.66071,0.30717,2.41500,5.60714,0.24069,2.11057,6.46429,0.56169,0.99971
CC621080,0.49527,1.00000,7.73214,0.40035,1.86714,13.73210,0.35542,2.41806,22.37500,0.30280,3.13617,34.66070,1.05533,0.99999
CC621118,0.42134,1.00000,11.12500,0.41637,1.88236,16.21430,0.34327,2.61314,28.26790,0.33721,2.30296,44.33930,0.68270,1.00000
CC621128,0.56703,1.00000,3.35714,0.33861,1.78240,4.12500,0.40029,1.78378,3.83929,0.55159,1.64558,5.28571,0.70857,0.90909
CC621184,0.50029,1.00000,3.00000,0.48691,1.46866,3.19643,0.39109,1.71422,2.83929,0.40780,1.81336,3.30357,0.46141,0.99996
CC621199,0.55478,0.97230,10.64290,0.47551,1.49600,13.32140,0.27872,2.48131,17.03570,0.62030,1.86975,20.39290,1.35708,0.95916
CC621248,0.85264,0.97711,2.67857,0.40027,1.85322,3.26786,0.39166,2.55346,3.26786,0.73780,1.79475,7.41071,0.96632,0.96616
CC621284,0.54297,0.98356,3.67857,0.30431,1.84235,4.55357,0.32475,2.23213,5.37500,0.34520,1.57490,7.53571,0.64055,0.97362
CC621642,0.39150,0.96678,3.80357,0.43217,1.40863,3.39286,0.54348,1.64581,3.64286,0.37348,1.66129,4.10714,0.81648,1.00000
CC710037,0.47748,0.95381,44.89290,0.51798,0.85710,84.64290,0.36980,0.95794,84.89290,0.20744,0.99353,71.01790,0.46809,1.00000
CC710088,0.54749,1.00000,11.08930,0.43736,1.51950,17.62500,0.30892,2.12214,26.66070,0.24765,0.83527,52.14290,0.92605,0.98180
CC710099,0.35500,0.99837,2.89286,0.29813,1.58708,8.16071,0.30498,1.89220,4.73214,0.34268,1.64085,6.92857,0.71915,1.00000
CC710131,0.38555,0.99999,4.46429,0.33942,1.00677,7.85714,0.32342,1.01389,20.30360,0.31179,1.16509,33.07140,0.56515,0.99999
CC710154,0.43467,0.93922,10.28570,0.26329,1.26888,12.83930,0.36070,1.34006,13.85710,0.43027,1.60023,12.78570,0.55079,0.96865
CC710176,0.47740,0.81495,4.76786,0.21872,0.70354,6.66071,0.24327,0.93571,7.10714,0.22198,0.00015,8.98214,0.93012,0.96535
CC710214,0.53957,0.96885,4.51786,0.52384,0.98675,4.58929,0.23450,1.17604,8.10714,0.35138,1.30610,5.01786,0.57213,1.00000
CC710313,0.49803,1.00000,5.21429,0.36670,1.87643,5.76786,0.39373,1.22729,19.19640,0.40584,1.34197,23.75000,0.82682,0.98179
CC710342,0.67476,1.00000,21.69640,0.47269,1.69341,27.33930,0.31504,2.68870,34.05360,0.24038,3.00615,39.62500,0.80256,0.99805
CC710350,0.46303,1.00000,1.92857,0.36274,1.78836,1.83929,0.39176,1.96185,14.71430,0.45309,1.63380,46.41070,0.72668,1.00000
CC710382,0.39772,0.99995,95.50000,0.37822,1.62365,85.66070,0.33903,2.00303,96.91070,0.50724,1.66034,77.66070,0.40629,1.00000
CC710429,0.42969,0.99999,20.17860,0.34385,1.67450,41.30360,0.37043,1.85464,66.89290,0.44071,1.74384,105.94600,0.62895,1.00000
CC710446,0.44356,1.00000,8.10714,0.30014,1.42935,3.76786,0.29663,1.47137,22.33930,0.24327,0.91690,42.75000,0.57895,1.00000
CC710462,0.42623,0.99966,1.98214,0.41940,1.81499,2.03571,0.25277,1.61998,2.14286,0.21224,2.38370,1.91071,0.76090,1.00000
CC710486,0.50180,0.99108,2.76786,0.34873,1.67432,3.94643,0.41983,1.82895,3.82143,0.20646,2.28843,3.67857,0.78775,1.00000
CC710494,0.52511,1.00000,7.98214,0.33006,1.86595,8.46429,0.32708,2.22734,8.83929,0.33112,2.37471,20.07140,0.74276,1.00000
CC710518,0.57396,0.94489,13.03570,0.30282,1.38038,7.32143,0.36613,2.34159,19.53570,0.23385,2.70640,35.28570,0.80458,1.00000
CC710548,0.45018,0.96999,2.78571,0.41375,1.65208,3.35714,0.42648,1.91260,15.50000,0.61775,1.99051,34.94640,0.61694,1.00000
CC710551,0.32301,0.90205,4.39286,0.41796,1.30102,3.41071,0.31614,1.89455,3.12500,0.21185,1.12803,3.08929,0.51737,0.94432
CC710566,0.37947,1.00000,22.42860,0.33335,1.99997,29.46430,0.33254,2.14343,25.07140,0.41508,2.58087,36.82140,0.76801,0.86410
CC710591,0.49903,1.00000,12.39290,0.47969,1.80094,18.67860,0.44894,2.16946,16.21430,1.05228,1.51525,12.46430,0.69012,1.00000
CC710664,0.46205,1.00000,2.17857,0.38702,1.81972,2.17857,0.44104,2.11606,2.41071,0.22645,3.17737,2.16071,0.84781,0.97126
CC710679,0.55554,1.00000,3.69643,0.33669,1.72069,10.03570,0.34338,1.76566,69.64290,0.35416,0.72288,123.39300,0.86149,1.00000
CC710858,0.35660,1.00000,13.53570,0.53742,0.88690,14.30360,0.22165,1.46526,17.69640,0.38937,0.52975,19.44640,0.49953,1.00000
CC710982,0.49135,1.00000,4.96429,0.45590,1.53342,1.73214,0.51258,1.42181,1.80357,0.22501,1.39387,4.92857,0.59704,0.99993
CC711027,0.40425,0.98924,10.69640,0.27866,1.97373,13.64290,0.28211,2.57919,13.00000,0.32312,2.93605,17.87500,0.43287,0.96816
CC711035,0.45180,0.99992,13.60710,0.35035,1.90495,14.94640,0.37133,2.50410,17.60710,0.39616,2.12942,23.08930,0.64307,0.93129
CC711128,0.46878,0.84228,9.53571,0.48840,0.79815,8.17857,0.34122,1.13512,10.60710,0.30279,0.60893,9.00000,0.65809,0.97853
CC711158,0.35948,0.99999,2.67857,0.32562,1.19920,2.55357,0.34895,1.77660,2.58929,1.04631,0.25000,2.37500,0.80441,1.00000
CC711244,0.50714,1.00000,2.94643,0.42726,1.72116,3.50000,0.42263,1.44610,3.14286,0.35332,1.48961,9.44643,0.75679,0.99999
CC711245,0.37653,0.99999,10.94640,0.49653,1.48554,15.76790,0.56847,1.43774,14.96430,0.20308,2.20035,17.05360,0.61255,1.00000
CC720023,0.47867,0.93641,29.78570,0.34385,1.75378,41.41070,0.26037,2.64105,44.42860,0.27879,2.62803,44.76790,0.51170,1.00000
CC720071,0.53075,0.60131,22.60710,0.88324,0.79267,26.03570,0.57218,0.34415,37.80360,0.22532,1.50757,46.83930,0.59061,1.00000
CC720103,0.42872,0.89604,8.28571,0.21974,0.82657,16.21430,1.12397,0.35039,10.41070,0.21788,1.30830,11.96430,0.54831,1.00000
CC720119,0.73832,0.98676,2.23214,0.45799,1.80500,2.39286,0.59248,2.05020,2.03571,0.40241,2.01744,2.10714,0.71980,1.00000
CC720180,0.70103,0.80207,14.19640,0.36702,1.77023,32.85710,0.27786,1.80888,70.60710,1.28720,0.65696,152.10700,0.78498,0.97287
CC720188,0.65959,1.00000,7.73214,0.37890,1.99994,13.23210,0.42510,2.17022,32.10710,0.21303,3.50807,74.37500,0.77345,1.00000
CC720238,0.45117,0.99998,16.60710,0.44338,1.59602,22.98210,0.27024,2.22990,23.30360,0.31974,2.15948,24.30360,0.85949,1.00000
CC720290,0.52836,1.00000,14.66070,0.38178,1.64221,35.33930,0.44392,1.24968,52.12500,0.22048,1.03160,97.26790,0.77316,1.00000
CC720304,0.71839,1.00000,3.03571,0.24889,1.63381,9.71429,0.30217,2.35882,12.21430,0.21820,1.61486,37.12500,0.84922,0.97475
CC720329,0.66346,1.00000,7.73214,0.38592,1.78872,8.50000,0.40992,1.84419,18.85710,0.19873,3.69684,72.00000,0.85803,1.00000
CC720330,0.46707,0.95512,33.80360,0.32826,1.41998,56.76790,0.23511,1.60725,86.41070,0.50517,0.89577,106.35700,0.56007,0.99991
CC720358,0.34180,0.58169,7.26786,0.42278,0.91975,5.66071,0.84832,0.35929,6.14286,2.51837,0.44611,5.76786,0.54592,0.86941
CC720407,0.44886,1.00000,2.58929,0.37626,1.47953,2.39286,0.23980,1.87194,2.66071,0.26246,1.58856,2.51786,0.79522,0.97713
CC720497,0.60954,1.00000,33.35710,0.37849,1.63767,51.67860,0.39386,2.49612,51.58930,0.26155,2.69587,78.03570,0.58432,1.00000
CC720511,0.52065,0.99999,5.12500,0.29614,1.92017,7.00000,0.22121,2.99975,9.73214,0.23222,3.07500,22.33930,0.88512,1.00000
CC720516,0.53445,1.00000,2.23214,0.39532,1.83208,3.62500,0.37846,1.97851,4.66071,0.35906,2.77135,8.71429,0.67235,1.00000
CC720622,0.73132,0.99999,4.42857,0.41846,1.83548,8.80357,0.29613,2.24044,13.08930,0.42231,1.61730,55.12500,0.87061,1.00000
CC720646,0.39653,1.00000,4.96429,0.45543,1.46633,5.76786,0.58124,1.18281,4.83929,0.21007,2.05452,4.21429,0.51070,1.00000
CC720670,0.69055,1.00000,6.19643,0.36726,1.77621,8.05357,0.32591,2.55867,7.01786,0.31755,1.15727,31.30360,1.01311,1.00000
CC720723,0.35926,0.74356,9.42857,0.50974,0.89187,8.10714,0.24295,1.65763,7.98214,0.26550,1.79615,8.33929,0.45223,0.95602
CC720774,0.45756,0.88750,13.01790,0.38929,1.39170,12.60710,0.24661,1.77322,8.67857,0.36815,0.81153,8.05357,0.64702,0.82781
CC720941,0.46297,1.00000,8.55357,0.40899,1.64707,16.33930,0.30091,2.33200,19.87500,0.31275,1.93147,17.75000,0.58860,1.00000
CC720986,0.45535,0.98515,8.12500,0.36553,1.63786,5.48214,0.30022,2.49636,6.69643,0.27980,2.65461,12.08930,1.03265,0.97857
CC721052,0.50391,1.00000,6.92857,0.35777,1.91329,11.12500,0.26730,2.76608,11.05360,0.31066,2.17603,12.69640,0.67981,1.00000
CC721107,0.65633,0.97405,3.26786,0.38500,1.94267,3.53571,0.21641,2.38423,3.51786,0.38493,2.41686,2.50000,0.63106,1.00000
CC721224,0.36365,0.97123,6.37500,0.34395,1.54282,4.82143,0.34861,1.78691,16.28570,0.28274,1.18120,20.71430,0.64985,1.00000
CC721291,0.65838,0.95967,6.35714,0.40341,1.88240,13.08930,0.44486,1.58955,39.89290,0.33050,1.43051,58.46430,0.69499,0.96502
CC721292,0.54137,1.00000,14.94640,0.44531,1.65739,28.50000,0.34518,1.18980,58.10710,0.40332,1.21994,113.96400,0.74893,0.94903
CC721374,0.45518,0.86699,6.39286,0.27489,1.64430,6.87500,0.23629,1.03280,6.87500,0.20493,2.44357,7.08929,0.39819,0.84471
CC721377,0.49369,1.00000,2.89286,0.43174,1.83686,2.83929,0.35664,2.59016,2.96429,0.61354,2.08050,2.89286,0.50225,1.00000
CC721392,0.33000,0.99998,4.55357,0.28764,1.59098,4.41071,0.21910,0.96855,6.96429,0.20811,1.25899,5.41071,0.37269,0.96515
CC721418,0.51666,1.00000,2.62500,0.40045,1.73813,2.57143,0.38885,2.10461,12.26790,0.28965,1.48594,14.50000,0.72243,1.00000
CC721434,0.40324,0.83987,2.58929,0.47565,1.10463,1.57143,0.23355,2.24772,1.94643,0.29853,1.68802,2.75000,0.51599,0.90167
CC721449,0.62304,1.00000,3.83929,0.39999,1.79579,7.01786,0.31466,2.15942,18.23210,0.26416,2.42567,8.46429,0.91746,1.00000
CC721504,0.39288,1.00000,4.16071,0.37208,1.97490,3.48214,0.27106,2.38261,8.19643,0.30331,2.41270,10.26790,1.11953,1.00000
CC721519,0.51937,0.98819,56.26790,0.34129,1.64576,72.44640,0.22046,1.70777,103.32100,0.53237,1.72222,109.44600,0.51648,0.99998
CC721532,0.42274,1.00000,8.50000,0.33487,1.96683,9.21429,0.30791,1.91644,6.28571,0.32385,1.79317,7.07143,0.86002,1.00000
CC721585,0.63124,0.95500,5.50000,0.52467,1.61277,2.46429,0.38919,2.49697,8.92857,0.26015,2.00956,28.14290,0.97130,1.00000
CC721618,0.52775,1.00000,10.69640,0.49229,1.85087,6.91071,0.31963,2.11272,8.87500,0.35974,1.67383,8.46429,0.64556,1.00000
CC721648,0.71468,1.00000,3.26786,0.44962,1.93580,5.07143,0.45132,2.51655,12.80360,0.38330,2.83741,30.80360,1.07102,1.00000
CC721704,0.46366,0.99997,8.80357,0.35585,1.85244,9.75000,0.30916,2.17380,9.89286,0.24122,1.13886,10.01790,0.59517,0.97379
CC721707,0.42469,0.86320,5.14286,0.28874,1.59783,7.78571,0.31264,1.95841,10.25000,0.37890,1.92736,7.25000,0.56978,1.00000
CC721729,0.46462,1.00000,18.08930,0.33531,1.59007,20.96430,0.23203,2.01908,19.85710,0.42880,1.93375,21.05360,0.57618,1.00000
CC721888,0.72303,0.88998,42.00000,0.58998,1.08856,48.42860,0.61462,0.81964,60.83930,0.75650,0.90257,46.44640,0.94844,0.97841
CC721891,0.26462,0.90797,69.01790,0.26232,0.92017,57.03570,0.31778,0.85508,58.05360,1.54076,0.02853,70.33930,0.37484,0.93836
CC721894,0.52490,0.94790,2.50000,0.31946,1.46374,2.67857,0.40142,1.68163,2.67857,0.57507,1.47716,2.51786,0.83981,1.00000
CC722216,0.26991,0.67627,35.35710,0.26581,1.16392,39.00000,0.22079,2.12766,35.19640,0.24625,0.56132,38.96430,0.33617,1.00000
CC722421,0.63409,1.00000,2.46429,0.49917,1.81732,2.46429,0.37205,1.90207,2.55357,0.43605,2.33497,5.71429,0.93882,0.99945
CC722536,0.55193,1.00000,2.42857,0.45449,1.78205,5.51786,0.20336,2.86988,28.67860,0.50593,1.62778,16.60710,0.69254,1.00000
CC722542,0.38718,1.00000,8.44643,0.34876,1.90031,8.01786,0.20969,2.90892,14.30360,0.24838,1.67503,51.55360,0.54242,1.00000
CC722651,0.59602,1.00000,8.55357,0.49090,1.74871,16.26790,0.43952,2.38409,18.51790,0.36285,2.39414,34.51790,0.95389,0.97564
CC722891,0.66440,0.88914,1.46429,0.35282,1.98379,1.21429,0.37884,1.93685,1.58929,0.33935,1.15323,1.35714,0.57489,1.00000
CC723197,0.63946,0.96659,6.87500,0.31988,1.86837,11.58930,0.21953,2.69806,16.21430,0.44924,1.74063,28.28570,0.81577,0.97666
CC723395,0.55150,1.00000,2.00000,0.39818,2.00000,2.60714,0.46225,2.27827,2.35714,0.28773,2.12382,1.89286,0.77748,1.00000
-----------------------------------------,,,,,,,,,,,,,,
SUMMARY,Prcsn_ss1,K_ss1,Doubt_ss1,Prcsn_ss2,K_ss2,Doubt_ss2,Prcsn_ss3,K_ss3,Doubt_ss3,Prcsn_ss4,K_ss4,Doubt_ss4,Prcsn_PerceptionTest,K_PerceptionTest
MEAN,0.59560,0.97700,11.83977,0.43444,1.77066,15.62483,0.39232,2.35889,20.66691,0.40053,2.48872,29.72442,0.79821,0.99053
STDEV,0.14443,0.06493,10.09933,0.09824,0.24682,13.12253,0.16256,0.50322,17.22736,0.19512,0.81191,25.65385,0.20677,0.03343
MIN,0.21607,0.06564,1.01786,0.21759,0.00065,1.21429,0.20336,0.00000,1.33929,0.19825,0.00015,1.30357,0.33617,0.36233
MAX,1.58372,1.00000,95.50000,0.88324,2.00000,85.66070,3.56158,3.00000,103.32100,2.51837,3.99999,152.10700,1.56630,1.00000
N,659.00000,659.00000,659.00000,659.00000,659.00000,659.00000,659.00000,659.00000,659.00000,659.00000,659.00000,659.00000,659.00000,659.00000
=========================================,,,,,,,,,,,,,,
